CDK

	Protocol		PURE Timeseries
Experiment File Name:	20251105-labcraft-energy-sweep-01.xpt		
Experiment File Path:	C:\Users\Admin\Documents\Biotek\experiments\20251105-labcraft-energy-sweep-01.xpt		
Protocol File Path:	C:\Users\Admin\Documents\Biotek\protocols\synergy-2-pure-timecourse-gfp.prt		
Protocol File Name:	synergy-2-pure-timecourse-gfp		
Reading Date/Time:	11/5/2025 11:24:54 AM		
Plate Number:	Plate 1		
Barcode:			
Reader Serial Number:	206621		
Plate Comment:			

Procedure Summary

Plate Type	Greiner 384 SV NoBind Automap
Well Selection	Runtime
Eject plate on completion	
Set Temperature	Temperature:  Setpoint 37 °C
Plate In/Out	Plate Out,In   At temperature: insert plate
Start Kinetic	Start Kinetic [Run 6:00:00, Interval 0:05:00]
Read	Read:  GFP-G35 (F) 485/20,528/20
Read	Read:  GFP-G50 (F) 485/20,528/20
Read	Read:  GFP-G70 (F) 485/20,528/20
End Kinetic	End Kinetic
Set Temperature	Temperature:  Off

PURE:GFP-G35

Time	T° GFP-G35:485/20,528/20	A1	A2	A3	A4	A5	A6	A7	A8	A9	A10	A11	A12	A13	A14	A15	A16	A17	A18	A19	A20	A21	A22	A23	A24	B1	B2	B3	B4	B5	B6	B7	B8	B9	B10	B11	B12	B13	B14	B15	B16	B17	B18	B19	B20	B21	B22	B23	B24	C1	C2	C3	C4	C5	C6	C7	C8	C9	C10	C11	C12	C13	C14	C15	C16	C17	C18	C19	C20	C21	C22	C23	C24	D1	D2	D3	D4	D5	D6	D7	D8	D9	D10	D11	D12	D13	D14	D15	D16	D17	D18	D19	D20	D21	D22	D23	D24	E1	E2	E3	E4	E5	E6	E7	E8	E9	E10	E11	E12	E13	E14	E15	E16	E17	E18	E19	E20	E21	E22	E23	E24	F1	F2	F3	F4	F5	F6	F7	F8	F9	F10	F11	F12	F13	F14	F15	F16	F17	F18	F19	F20	F21	F22	F23	F24	G1	G2	G3	G4	G5	G6	G7	G8	G9	G10	G11	G12	G13	G14	G15	G16	G17	G18	G19	G20	G21	G22	G23	G24	H1	H2	H3	H4	H5	H6	H7	H8	H9	H10	H11	H12	H13	H14	H15	H16	H17	H18	H19	H20	H21	H22	H23	H24	I1	I2	I3	I4	I5	I6	I7	I8	I9	I10	I11	I12	I13	I14	I15	I16	I17	I18	I19	I20	I21	I22	I23	I24	J1	J2	J3	J4	J5	J6	J7	J8	J9	J10	J11	J12	J13	J14	J15	J16	J17	J18	J19	J20	J21	J22	J23	J24	K1	K2	K3	K4	K5	K6	K7	K8	K9	K10	K11	K12	K13	K14	K15	K16	K17	K18	K19	K20	K21	K22	K23	K24	L1	L2	L3	L4	L5	L6	L7	L8	L9	L10	L11	L12	L13	L14	L15	L16	L17	L18	L19	L20	L21	L22	L23	L24	M1	M2	M3	M4	M5	M6	M7	M8	M9	M10	M11	M12	M13	M14	M15	M16	M17	M18	M19	M20	M21	M22	M23	M24	N1	N2	N3	N4	N5	N6	N7	N8	N9	N10	N11	N12	N13	N14	N15	N16	N17	N18	N19	N20	N21	N22	N23	N24	O1	O2	O3	O4	O5	O6	O7	O8	O9	O10	O11	O12	O13	O14	O15	O16	O17	O18	O19	O20	O21	O22	O23	O24	P1	P2	P3	P4	P5	P6	P7	P8	P9	P10	P11	P12	P13	P14	P15	P16	P17	P18	P19	P20	P21	P22	P23	P24
0:00:00	37.0	6	8	7	5	5	4																			6	5	5	6	5	4																			7	12	7	7	7	4																			8	21	9	6	919	3																			9	9	6	5	916	3																			6	7	6	5	918	4																			6	6	5	5	916	5																			7	5	6	5	9026	4																			8	5	7	7	8929	3																			6	9	9	7	8939	7																			4	7	5	6	8688	3																			8	7	5	6	8618	4																			7	7	5	6	8571	4																			6	7	5	5	8492	4																			7	7	7	6	4	6																			6	5	6	6	4	4																		
0:05:00	37.0	7	7	7	6	5	5																			7	8	6	7	6	4																			7	10	7	5	7	3																			8	15	8	6	907	5																			9	6	6	6	902	4																			6	5	6	6	905	5																			6	7	6	5	903	3																			7	5	3	6	8891	4																			8	6	6	5	8734	4																			6	9	7	6	8743	7																			5	6	6	6	8544	3																			7	8	6	4	8445	3																			6	7	6	5	8400	2																			8	6	6	5	8289	5																			8	6	6	6	5	5																			7	7	8	6	4	4																		
0:10:00	37.0	8	8	8	8	7	5																			8	7	7	7	8	4																			9	10	7	9	8	4																			7	14	9	7	892	4																			9	7	7	7	886	4																			8	6	8	5	892	4																			7	7	7	6	887	3																			7	6	6	6	8754	4																			8	8	7	8	8586	3																			7	8	7	6	8607	6																			7	6	5	6	8420	4																			7	8	6	6	8315	3																			7	7	6	6	8285	4																			7	6	7	6	8188	4																			8	9	7	7	5	5																			7	8	8	6	4	4																		
0:15:00	37.0	15	14	16	16	17	3																			12	15	10	15	16	4																			17	10	9	16	15	3																			11	14	11	15	886	4																			11	8	8	6	878	5																			10	7	8	6	883	5																			8	7	8	5	880	4																			10	7	5	7	8668	3																			9	9	7	5	8469	2																			9	10	7	6	8525	7																			6	8	6	6	8317	3																			8	11	7	6	8234	4																			8	11	6	6	8173	3																			7	9	8	8	8108	4																			8	17	13	9	4	6																			16	18	17	8	4	5																		
0:20:00	37.0	53	51	60	55	56	4																			45	51	22	48	50	4																			69	12	24	48	47	4																			21	14	28	45	881	4																			25	9	10	8	867	3																			30	9	11	6	875	4																			11	9	12	7	868	5																			13	8	7	7	8588	5																			14	14	8	8	8348	4																			8	12	9	5	8454	5																			8	10	7	10	8293	4																			9	29	6	8	8190	3																			8	25	7	8	8115	3																			9	19	28	22	8075	4																			9	73	46	19	4	4																			59	71	68	19	3	5																		
0:25:00	37.0	171	181	212	162	166	3																			153	162	68	142	152	4																			224	17	77	142	139	4																			60	15	91	140	857	4																			70	9	15	7	833	4																			104	12	18	7	844	3																			16	12	23	6	839	3																			26	9	10	10	8320	4																			31	32	10	9	8123	3																			10	24	10	8	8315	6																			9	18	7	19	8175	5																			13	96	8	16	8092	4																			9	80	8	14	8054	4																			11	60	95	73	8023	5																			11	239	151	63	4	5																			181	229	223	59	2	4																		
0:30:00	37.0	389	440	502	350	353	3																			362	371	185	314	331	4																			510	22	210	312	307	3																			150	16	251	313	832	4																			183	11	30	10	805	4																			271	19	43	9	814	4																			32	17	57	7	811	5																			56	12	10	16	8047	4																			73	79	11	13	7855	4																			15	53	16	10	8070	8																			12	36	9	44	7968	3																			20	259	8	35	7925	3																			10	217	10	26	7913	3																			11	156	236	201	7906	4																			14	540	364	171	4	5																			405	518	496	152	4	4																		
0:35:00	37.0	680	793	897	594	591	3																			646	657	393	535	564	5																			881	29	445	539	528	3																			309	16	525	545	814	5																			375	12	59	12	787	4																			544	35	90	10	797	3																			57	29	126	8	792	3																			113	18	14	28	7861	5																			155	168	18	18	7680	3																			20	110	27	12	7923	6																			20	71	9	98	7821	4																			30	529	9	72	7769	4																			12	455	12	49	7802	4																			14	322	443	419	7816	3																			19	938	653	358	4	5																			700	890	845	308	4	3																		
0:40:00	37.0	1001	1189	1335	864	857	3																			966	971	669	786	825	3																			1288	42	760	794	776	4																			525	20	883	804	800	4																			629	14	105	16	768	4																			893	58	169	12	779	4																			95	45	240	10	772	4																			199	27	18	47	7702	5																			281	310	30	29	7508	3																			29	202	43	17	7799	5																			31	122	10	187	7716	3																			46	885	12	131	7684	4																			13	769	16	85	7715	4																			20	547	682	705	7745	4																			27	1377	977	606	5	4																			1023	1299	1226	513	3	4																		
0:45:00	37.0	1327	1597	1784	1142	1127	3																			1287	1296	982	1044	1092	4																			1705	59	1118	1056	1034	3																			774	26	1282	1071	787	3																			914	16	166	22	756	3																			1277	91	277	16	765	4																			145	68	394	12	760	2																			311	36	25	74	7561	4																			447	502	41	43	7352	4																			39	323	64	24	7658	7																			44	189	12	310	7579	4																			69	1274	16	214	7567	3																			15	1119	22	133	7613	3																			24	799	933	1023	7660	3																			38	1824	1316	881	3	6																			1353	1714	1615	747	3	3																		
0:50:00	37.0	1640	1990	2229	1415	1396	3																			1608	1606	1298	1301	1361	4																			2111	79	1481	1316	1291	4																			1026	31	1692	1336	774	4																			1198	22	241	29	740	3																			1657	131	410	20	750	4																			201	94	582	14	745	3																			445	47	33	109	7427	4																			640	726	58	62	7217	3																			50	470	93	31	7541	7																			59	272	16	463	7470	3																			94	1671	22	313	7457	4																			18	1478	28	192	7523	4																			30	1051	1174	1347	7580	4																			51	2269	1646	1160	5	6																			1675	2126	1989	980	3	4																		
0:55:00	37.0	1945	2375	2671	1693	1663	4																			1916	1904	1604	1553	1626	3																			2510	107	1832	1577	1543	4																			1272	37	2088	1601	761	4																			1475	26	329	40	725	4																			2028	177	561	26	737	4																			266	123	787	17	731	4																			593	59	41	151	7302	4																			852	964	74	81	7099	4																			64	631	126	39	7454	6																			76	364	18	631	7396	3																			126	2055	26	426	7388	3																			24	1823	39	259	7448	3																			39	1298	1408	1664	7528	5																			68	2709	1971	1433	2	6																			1984	2522	2369	1204	3	4																		
1:00:00	37.0	2235	2751	3103	1961	1927	4																			2220	2183	1888	1807	1885	5																			2902	137	2164	1830	1791	4																			1501	45	2472	1856	750	3																			1732	32	422	50	713	3																			2387	231	720	33	728	4																			333	156	998	20	716	3																			745	72	51	197	7176	4																			1067	1205	95	104	6992	4																			79	798	162	48	7344	6																			96	458	23	802	7298	3																			159	2426	32	544	7312	4																			26	2148	48	329	7364	3																			49	1531	1637	1965	7468	3																			85	3142	2285	1686	3	6																			2290	2903	2730	1412	3	3																		
1:05:00	37.0	2511	3109	3513	2227	2185	4																			2508	2446	2155	2046	2139	5																			3285	169	2481	2073	2032	3																			1714	52	2834	2109	740	4																			1973	36	516	61	700	3																			2716	282	873	40	715	3																			399	191	1203	24	708	3																			887	88	62	247	7077	3																			1270	1436	116	127	6879	3																			92	959	201	57	7242	7																			115	553	27	971	7220	3																			193	2770	40	660	7222	4																			30	2447	60	401	7301	3																			57	1739	1853	2245	7415	4																			104	3561	2589	1926	4	5																			2579	3278	3082	1606	4	4																		
1:10:00	37.0	2775	3454	3919	2484	2441	5																			2795	2698	2403	2284	2389	3																			3645	201	2772	2316	2271	3																			1911	61	3172	2352	730	4																			2195	41	609	74	690	4																			3038	338	1025	48	704	4																			465	225	1394	28	696	4																			1027	104	72	296	6974	3																			1461	1655	137	152	6787	3																			110	1111	242	66	7157	6																			135	645	31	1128	7145	4																			228	3114	47	773	7172	2																			32	2748	72	472	7236	4																			69	1938	2063	2517	7366	3																			124	3975	2890	2152	3	6																			2856	3648	3437	1790	4	4																		
1:15:00	37.0	3032	3794	4318	2747	2696	2																			3071	2944	2637	2522	2641	4																			4008	235	3061	2558	2507	4																			2094	69	3505	2594	722	3																			2413	48	697	87	682	3																			3351	393	1164	57	694	3																			528	262	1574	33	689	3																			1156	118	82	347	6898	4																			1640	1854	160	176	6701	4																			124	1256	281	77	7090	6																			155	732	36	1275	7061	4																			263	3433	55	880	7098	3																			37	3027	84	541	7192	2																			80	2123	2269	2778	7312	5																			144	4377	3178	2370	4	6																			3123	4002	3766	1956	4	3																		
1:20:00	37.0	3287	4131	4699	2998	2941	4																			3338	3175	2859	2756	2881	4																			4357	269	3324	2794	2737	4																			2268	78	3826	2836	714	4																			2617	53	777	100	674	3																			3636	447	1295	63	687	3																			588	296	1744	37	679	3																			1275	134	94	397	6800	4																			1803	2041	183	203	6622	4																			140	1391	321	88	7021	6																			176	812	42	1414	7013	3																			298	3739	62	977	7039	4																			40	3290	98	605	7158	4																			91	2294	2462	3031	7268	4																			163	4775	3470	2573	3	5																			3389	4343	4096	2118	4	4																		
1:25:00	37.0	3523	4437	5064	3241	3185	4																			3590	3403	3062	2981	3121	4																			4686	303	3571	3024	2959	4																			2427	88	4124	3062	705	3																			2803	60	855	114	664	4																			3921	499	1415	73	678	4																			644	330	1893	41	670	4																			1388	148	103	445	6717	2																			1953	2208	204	226	6529	4																			156	1510	357	98	6941	6																			193	887	45	1534	6946	3																			333	4031	70	1068	6969	3																			45	3537	109	662	7087	3																			99	2452	2651	3263	7219	3																			182	5150	3733	2765	3	6																			3630	4675	4404	2267	3	4																		
1:30:00	37.0	3752	4744	5434	3487	3421	3																			3842	3606	3257	3200	3352	4																			5007	332	3807	3253	3189	3																			2574	96	4417	3298	695	3																			2982	67	925	127	655	3																			4189	546	1525	81	667	4																			695	363	2035	45	661	3																			1490	164	115	491	6632	4																			2087	2363	226	250	6466	3																			171	1623	396	108	6862	6																			213	956	51	1651	6876	4																			363	4309	77	1152	6916	3																			47	3776	122	716	7029	4																			110	2602	2835	3491	7187	4																			201	5511	3995	2954	3	6																			3877	4989	4702	2402	4	4																		
1:35:00	37.0	3972	5043	5777	3717	3653	5																			4081	3813	3438	3422	3579	5																			5322	361	4035	3477	3399	4																			2720	105	4686	3523	687	2																			3157	73	992	139	646	2																			4437	591	1625	88	662	4																			740	395	2160	50	653	3																			1580	179	124	532	6548	3																			2213	2506	246	273	6391	3																			185	1727	430	118	6805	6																			231	1016	56	1758	6801	3																			395	4578	85	1229	6868	4																			52	3997	132	768	6982	3																			120	2746	3003	3709	7151	4																			220	5864	4254	3126	3	5																			4115	5293	4997	2537	3	3																		
1:40:00	36.9	4185	5309	6104	3951	3882	4																			4317	4017	3607	3635	3813	4																			5617	391	4247	3695	3615	4																			2854	113	4954	3739	681	5																			3316	79	1053	152	639	4																			4688	633	1719	97	653	4																			786	426	2285	54	643	2																			1664	191	135	571	6470	3																			2336	2639	267	295	6320	4																			200	1825	463	128	6735	6																			250	1073	61	1858	6747	3																			424	4825	92	1300	6789	3																			53	4210	146	814	6925	2																			130	2876	3171	3911	7100	3																			235	6196	4489	3292	4	5																			4337	5592	5275	2661	4	4																		
1:45:00	37.0	4402	5595	6434	4187	4108	4																			4547	4212	3779	3852	4036	4																			5929	416	4463	3916	3834	4																			2981	122	5213	3961	674	2																			3467	85	1109	164	632	3																			4928	671	1810	105	648	4																			827	453	2394	59	635	4																			1744	206	145	608	6398	3																			2446	2763	284	314	6268	4																			213	1920	495	137	6679	6																			266	1130	64	1952	6707	4																			454	5076	99	1369	6759	4																			58	4412	157	856	6888	3																			141	3003	3336	4122	7070	3																			253	6522	4733	3450	3	6																			4558	5875	5550	2780	3	4																		
1:50:00	37.0	4602	5865	6748	4414	4336	4																			4767	4396	3939	4059	4256	4																			6210	442	4666	4127	4041	5																			3101	130	5455	4182	671	4																			3626	91	1162	175	626	4																			5151	709	1893	113	641	4																			863	478	2497	62	631	3																			1825	219	155	643	6353	2																			2549	2886	303	334	6203	3																			227	2002	525	146	6618	6																			280	1180	68	2038	6643	4																			479	5304	107	1434	6720	2																			59	4611	168	900	6849	4																			148	3126	3496	4305	7041	4																			268	6848	4951	3612	3	4																			4763	6163	5812	2891	4	4																		
1:55:00	37.0	4797	6111	7047	4636	4558	3																			4972	4567	4094	4266	4471	4																			6469	464	4852	4346	4235	4																			3218	138	5688	4392	663	4																			3769	96	1214	186	620	4																			5372	745	1969	120	636	4																			899	506	2598	66	627	3																			1894	230	164	677	6299	3																			2651	3002	319	354	6140	3																			241	2083	551	156	6567	6																			295	1229	73	2123	6608	3																			504	5538	113	1493	6686	4																			63	4798	177	940	6827	3																			158	3244	3649	4487	7014	4																			284	7152	5176	3763	4	6																			4976	6430	6075	3000	4	3																		
2:00:00	37.0	4976	6347	7329	4848	4767	3																			5172	4737	4232	4471	4682	4																			6731	486	5031	4549	4441	2																			3325	147	5908	4603	659	3																			3895	103	1262	198	613	4																			5564	775	2041	126	630	4																			935	528	2691	70	619	4																			1958	241	172	706	6227	4																			2742	3102	336	371	6090	3																			253	2160	580	165	6528	6																			310	1275	77	2199	6561	4																			528	5747	120	1549	6646	4																			66	4967	188	976	6791	4																			168	3347	3796	4664	6997	3																			299	7448	5391	3899	4	5																			5158	6682	6309	3099	4	3																		
2:05:00	37.0	5142	6584	7592	5058	4980	4																			5348	4894	4365	4665	4874	3																			6967	505	5201	4745	4629	3																			3425	154	6111	4800	653	3																			4017	108	1305	208	610	4																			5763	805	2109	132	622	3																			967	552	2780	74	613	4																			2025	253	180	736	6176	3																			2827	3197	351	388	6037	3																			264	2231	601	172	6461	6																			323	1317	81	2273	6524	4																			550	5948	126	1601	6601	3																			68	5124	197	1010	6752	3																			175	3453	3926	4816	6962	3																			313	7709	5574	4018	2	5																			5343	6908	6531	3194	4	2																		
2:10:00	37.0	5304	6783	7849	5255	5168	4																			5506	5048	4484	4848	5076	4																			7201	524	5350	4942	4814	4																			3513	159	6307	4993	645	3																			4140	114	1344	217	604	3																			5939	832	2171	140	618	3																			994	570	2856	78	607	3																			2076	262	190	758	6114	3																			2909	3283	364	403	5981	4																			274	2294	623	180	6421	6																			335	1353	86	2335	6464	3																			567	6121	133	1649	6551	4																			72	5275	207	1041	6704	3																			182	3541	4054	4967	6931	3																			324	7957	5769	4135	4	6																			5512	7115	6738	3275	3	3																		
2:15:00	37.0	5470	6996	8085	5459	5364	2																			5668	5186	4596	5036	5274	5																			7406	540	5496	5138	4998	3																			3595	166	6487	5182	643	4																			4245	118	1383	227	598	4																			6113	857	2231	146	614	3																			1023	590	2933	82	600	4																			2132	275	198	783	6065	3																			2980	3369	379	418	5933	4																			285	2356	644	189	6376	6																			347	1389	89	2404	6420	3																			586	6294	138	1694	6530	3																			73	5417	215	1071	6673	3																			190	3622	4173	5115	6914	3																			336	8213	5937	4248	4	6																			5673	7325	6945	3357	4	3																		
2:20:00	37.0	5606	7153	8324	5655	5562	4																			5816	5319	4703	5217	5469	4																			7624	555	5633	5325	5177	3																			3681	174	6663	5374	636	2																			4344	124	1417	236	594	4																			6268	882	2283	153	607	4																			1045	607	3005	86	595	3																			2183	283	204	806	6013	4																			3048	3446	391	432	5877	4																			294	2415	662	195	6321	6																			358	1424	94	2460	6393	4																			604	6450	143	1738	6479	4																			76	5550	222	1099	6656	3																			197	3705	4289	5251	6869	5																			349	8446	6104	4349	3	5																			5814	7522	7146	3431	4	2																		
2:25:00	37.0	5745	7327	8539	5845	5753	3																			5970	5439	4808	5399	5650	4																			7828	570	5761	5509	5358	3																			3752	179	6827	5558	631	4																			4438	128	1452	245	588	3																			6419	906	2334	157	603	3																			1071	626	3066	89	591	3																			2228	292	211	829	5965	2																			3113	3518	403	445	5829	3																			306	2469	682	202	6291	7																			367	1454	98	2517	6350	4																			621	6615	149	1778	6453	3																			76	5678	230	1126	6625	4																			203	3780	4401	5379	6872	4																			360	8663	6260	4450	3	5																			5955	7712	7324	3507	4	3																		
2:30:00	37.0	5862	7480	8743	6029	5937	4																			6104	5551	4891	5572	5833	3																			8020	583	5872	5688	5525	4																			3822	183	6978	5732	627	4																			4526	132	1483	253	581	2																			6557	925	2379	162	596	4																			1093	643	3129	92	585	3																			2266	300	218	847	5911	3																			3171	3586	413	457	5789	2																			313	2518	700	208	6242	6																			377	1485	101	2572	6314	3																			637	6750	154	1812	6418	4																			80	5778	238	1148	6578	3																			209	3844	4498	5496	6832	4																			369	8862	6411	4535	3	6																			6092	7890	7495	3568	3	3																		
2:35:00	37.0	5983	7638	8941	6201	6104	4																			6239	5675	4982	5740	6002	3																			8189	597	5984	5861	5688	2																			3888	190	7126	5908	624	3																			4599	137	1512	260	577	4																			6692	946	2425	168	592	2																			1117	657	3191	94	580	3																			2307	309	223	866	5871	3																			3232	3646	425	469	5744	3																			322	2568	717	215	6208	6																			388	1511	104	2617	6280	4																			652	6886	160	1849	6387	3																			83	5891	244	1171	6561	3																			216	3908	4594	5607	6823	4																			378	9057	6548	4623	4	6																			6214	8043	7663	3622	3	3																		
2:40:00	37.0	6091	7774	9126	6356	6242	4																			6370	5767	5051	5886	6159	4																			8364	609	6091	6006	5830	4																			3940	196	7255	6067	619	3																			4667	140	1539	268	574	5																			6811	964	2467	173	589	3																			1136	671	3242	100	577	4																			2347	316	230	883	5818	3																			3286	3701	436	480	5692	4																			329	2608	731	220	6173	6																			397	1539	107	2666	6239	4																			665	7010	164	1879	6352	3																			83	5991	252	1196	6536	4																			222	3959	4677	5714	6810	4																			388	9243	6669	4697	3	3																			6324	8195	7807	3673	4	4																		
2:45:00	37.0	6201	7914	9304	6508	6372	3																			6472	5861	5125	6034	6280	4																			8503	621	6169	6156	5945	3																			3999	201	7367	6202	615	4																			4736	145	1565	275	570	4																			6923	982	2509	179	584	4																			1156	687	3289	101	574	4																			2383	323	236	900	5781	3																			3338	3758	446	490	5658	2																			339	2650	748	225	6122	7																			405	1562	111	2712	6213	3																			680	7119	168	1910	6332	3																			86	6076	258	1216	6513	3																			227	4018	4763	5808	6792	5																			397	9401	6800	4775	3	6																			6437	8338	7950	3724	4	5																		
2:50:00	37.0	6287	8045	9442	6615	6486	3																			6579	5969	5196	6155	6406	4																			8620	632	6266	6271	6059	4																			4047	207	7475	6328	610	3																			4796	149	1591	281	565	4																			7016	1001	2545	183	579	3																			1174	699	3338	104	570	4																			2412	331	243	919	5740	4																			3389	3813	454	500	5620	3																			345	2690	762	231	6088	6																			413	1588	114	2751	6175	3																			692	7228	173	1946	6299	2																			88	6152	263	1237	6495	4																			232	4068	4844	5889	6778	3																			405	9535	6905	4833	2	6																			6538	8453	8062	3770	4	4																		
2:55:00	37.0	6361	8141	9557	6703	6577	4																			6657	6038	5243	6251	6496	4																			8734	641	6334	6379	6143	3																			4081	211	7564	6428	609	4																			4852	152	1612	289	561	4																			7102	1016	2576	188	575	4																			1187	712	3383	106	565	4																			2447	337	247	932	5696	3																			3424	3857	462	510	5567	4																			352	2729	776	235	6056	7																			419	1607	117	2788	6147	4																			702	7315	177	1968	6266	4																			90	6217	269	1253	6455	4																			237	4102	4906	5957	6748	3																			413	9656	6997	4885	3	5																			6619	8543	8151	3808	3	3																		
3:00:00	37.0	6446	8233	9650	6788	6649	4																			6725	6103	5292	6337	6575	4																			8820	653	6397	6463	6206	3																			4116	215	7644	6514	604	4																			4896	156	1632	293	559	3																			7163	1031	2607	192	571	3																			1204	723	3425	110	562	5																			2473	342	252	945	5652	4																			3469	3897	471	517	5534	4																			358	2761	787	241	6016	5																			428	1625	120	2821	6110	3																			713	7366	181	1995	6247	4																			90	6279	275	1269	6437	4																			243	4144	4970	6017	6725	3																			419	9742	7056	4934	4	5																			6682	8636	8236	3846	4	4																		
3:05:00	37.0	6491	8316	9762	6865	6713	4																			6794	6162	5338	6409	6641	4																			8907	662	6445	6536	6281	5																			4156	220	7719	6586	600	3																			4934	159	1653	300	555	4																			7229	1045	2637	196	567	4																			1218	735	3457	111	557	3																			2499	349	257	960	5624	3																			3507	3934	479	526	5502	4																			366	2787	798	244	5992	7																			433	1644	123	2860	6087	3																			726	7442	185	2017	6217	3																			92	6332	281	1285	6419	4																			248	4173	5020	6073	6716	3																			427	9826	7137	4987	3	5																			6752	8707	8301	3880	4	3																		
3:10:00	37.0	6548	8375	9812	6912	6767	3																			6845	6222	5369	6461	6708	4																			8965	666	6493	6604	6321	3																			4176	223	7750	6644	597	3																			4961	163	1667	305	552	5																			7276	1057	2660	198	561	3																			1229	745	3489	114	552	4																			2518	354	263	970	5576	4																			3539	3963	487	536	5449	4																			371	2815	809	251	5955	7																			439	1660	125	2884	6050	3																			734	7485	188	2037	6174	4																			94	6363	284	1296	6383	4																			251	4195	5055	6100	6699	4																			432	9882	7179	5004	4	5																			6792	8768	8348	3895	4	4																		
3:15:00	37.0	6590	8428	9887	6974	6819	4																			6885	6266	5410	6515	6765	5																			9018	674	6535	6660	6379	4																			4208	226	7809	6715	593	4																			4999	166	1683	310	547	4																			7319	1070	2683	204	559	3																			1244	755	3528	116	550	2																			2545	360	267	983	5546	3																			3573	4003	494	542	5438	3																			378	2845	821	254	5925	5																			446	1676	127	2917	6037	4																			745	7525	192	2057	6170	3																			96	6412	289	1312	6404	2																			257	4226	5111	6151	6686	3																			439	9950	7251	5049	3	6																			6849	8829	8410	3925	4	3																		
3:20:00	37.0	6631	8473	9934	7013	6856	3																			6920	6306	5427	6567	6796	3																			9066	683	6561	6697	6414	3																			4225	230	7856	6743	589	3																			5013	169	1698	313	542	3																			7349	1083	2703	206	556	4																			1256	762	3551	119	545	4																			2557	365	271	993	5502	3																			3594	4026	502	551	5424	2																			383	2863	831	259	5898	6																			452	1688	129	2937	5992	3																			753	7553	194	2074	6145	3																			95	6435	293	1323	6388	3																			261	4246	5138	6176	6666	3																			445	9993	7271	5079	4	6																			6874	8863	8434	3947	4	3																		
3:25:00	37.0	6650	8511	9975	7064	6898	4																			6959	6343	5459	6610	6834	5																			9103	691	6595	6744	6455	5																			4248	234	7892	6796	586	3																			5035	172	1713	321	540	4																			7393	1093	2725	210	551	3																			1265	773	3576	123	541	4																			2581	369	275	1005	5476	4																			3625	4049	508	557	5391	3																			388	2887	840	264	5857	6																			457	1701	133	2960	5964	3																			763	7589	199	2090	6116	3																			97	6467	299	1333	6379	4																			263	4269	5160	6210	6659	3																			450	10037	7311	5095	4	3																			6918	8895	8479	3963	2	4																		
3:30:00	37.0	6684	8544	10019	7095	6943	3																			6995	6367	5479	6641	6874	5																			9140	698	6631	6782	6483	2																			4266	237	7925	6828	585	3																			5054	175	1727	324	536	3																			7417	1103	2746	214	551	4																			1274	781	3601	124	538	3																			2599	375	280	1014	5448	4																			3645	4075	514	563	5396	3																			393	2906	848	267	5848	7																			464	1713	133	2981	5940	3																			771	7619	201	2105	6094	4																			99	6490	301	1343	6349	3																			269	4279	5193	6240	6642	3																			455	10079	7337	5118	4	5																			6934	8932	8505	3977	4	3																		
3:35:00	37.0	6696	8575	10044	7123	6959	3																			7009	6381	5488	6673	6900	4																			9161	702	6636	6809	6505	4																			4277	240	7934	6868	580	4																			5071	177	1734	328	532	3																			7447	1113	2761	217	548	4																			1284	790	3620	125	536	3																			2607	380	283	1024	5408	3																			3663	4083	519	568	5362	4																			399	2916	858	270	5804	6																			468	1721	137	2995	5913	3																			776	7640	203	2118	6065	4																			99	6515	307	1351	6325	3																			272	4293	5209	6244	6629	4																			462	10088	7362	5138	4	4																			6963	8944	8536	3989	4	4																		
3:40:00	37.0	6720	8599	10075	7150	6988	3																			7043	6412	5509	6699	6931	3																			9183	707	6664	6851	6527	5																			4286	245	7965	6889	578	4																			5084	179	1748	332	529	3																			7454	1122	2772	219	547	3																			1291	796	3638	127	531	4																			2625	384	286	1032	5368	3																			3681	4102	526	574	5331	3																			403	2932	864	272	5783	5																			473	1730	138	3011	5889	3																			782	7648	208	2132	6043	2																			100	6527	309	1362	6312	3																			276	4303	5231	6275	6601	5																			466	10118	7385	5146	3	5																			6974	8985	8561	4001	3	2																		
3:45:00	36.9	6738	8612	10093	7182	7003	4																			7057	6425	5521	6725	6951	4																			9220	714	6677	6857	6555	3																			4302	248	7977	6912	576	4																			5087	181	1757	336	526	3																			7484	1132	2788	222	544	4																			1298	804	3650	129	528	3																			2636	388	291	1039	5347	3																			3698	4116	528	580	5301	3																			408	2946	870	278	5752	7																			477	1740	139	3027	5862	3																			787	7673	210	2140	6014	4																			101	6541	313	1366	6294	4																			278	4312	5247	6292	6592	3																			471	10148	7413	5156	4	6																			6998	8996	8595	4008	3	4																		
3:50:00	37.0	6745	8615	10111	7189	7013	3																			7058	6424	5526	6733	6974	5																			9214	719	6683	6879	6563	5																			4302	248	7975	6919	571	4																			5091	184	1757	339	522	3																			7490	1138	2790	226	539	4																			1302	808	3658	132	525	4																			2644	391	293	1044	5303	3																			3706	4123	532	585	5274	4																			411	2952	877	279	5715	6																			480	1744	142	3038	5829	4																			796	7688	212	2147	5981	3																			103	6551	316	1375	6260	4																			281	4323	5254	6294	6571	5																			473	10159	7422	5166	4	5																			6993	8997	8600	4021	4	3																		
3:55:00	37.0	6753	8625	10115	7196	7042	3																			7080	6440	5529	6748	6985	5																			9226	723	6683	6891	6575	3																			4308	252	7997	6941	568	3																			5100	186	1767	343	518	3																			7497	1144	2801	227	534	3																			1309	813	3671	133	518	4																			2649	395	295	1049	5268	4																			3711	4130	539	588	5238	3																			413	2962	881	281	5689	7																			483	1748	143	3051	5801	3																			799	7693	213	2156	5963	3																			102	6559	318	1379	6240	2																			283	4324	5268	6308	6562	4																			477	10180	7431	5175	3	5																			7012	9001	8599	4026	4	4																		
4:00:00	37.0	6761	8629	10119	7208	7043	4																			7081	6449	5530	6770	6991	4																			9245	727	6689	6905	6590	4																			4318	254	7987	6950	565	3																			5102	189	1772	345	516	3																			7495	1150	2806	230	531	4																			1311	820	3673	132	516	3																			2655	396	297	1056	5226	3																			3726	4136	542	591	5198	3																			417	2967	887	283	5652	7																			487	1753	146	3052	5772	3																			805	7696	216	2160	5930	4																			104	6560	320	1381	6216	4																			285	4329	5267	6306	6535	4																			480	10167	7427	5184	2	4																			7013	9024	8614	4029	4	3																		
4:05:00	37.0	6753	8627	10119	7224	7047	4																			7088	6439	5523	6766	7002	3																			9237	729	6677	6909	6601	4																			4308	256	7989	6951	561	3																			5101	190	1776	349	510	3																			7491	1150	2807	232	527	3																			1316	822	3681	135	514	3																			2657	399	299	1060	5192	3																			3724	4124	543	595	5316	5																			444	3145	941	303	5913	5																			521	1868	155	3255	6084	4																			860	8174	231	2297	6278	4																			111	6977	344	1475	6575	4																			305	4607	5614	6713	6915	3																			514	10818	7929	5520	3	5																			7471	9589	9143	4293	4	5																		
4:10:00	37.0	7207	9200	10797	7724	7538	5																			7566	6872	5899	7240	7472	4																			9850	781	7141	7383	7053	4																			4595	275	8532	7444	595	4																			5445	205	1901	375	540	4																			8000	1236	3002	249	558	4																			1409	881	3943	146	543	3																			2837	429	323	1139	5497	4																			3978	4407	584	640	5467	3																			452	3175	953	307	5951	7																			526	1877	159	3270	6090	3																			865	8199	234	2312	6248	3																			112	6997	348	1482	6563	4																			309	4623	5631	6740	6915	4																			521	10839	7937	5533	4	5																			7488	9615	9174	4307	3	4																		
4:15:00	37.0	7220	9208	10818	7742	7547	4																			7580	6885	5908	7253	7500	3																			9875	785	7155	7410	7067	3																			4601	278	8538	7451	594	3																			5446	207	1900	378	537	3																			7997	1239	3008	252	556	4																			1411	886	3947	148	539	4																			2845	432	326	1142	5468	4																			3984	4419	588	642	5445	4																			454	3179	958	310	5925	6																			529	1882	161	3279	6055	4																			871	8211	236	2323	6238	3																			113	7007	350	1488	6548	5																			311	4630	5634	6747	6910	5																			523	10854	7953	5545	3	5																			7500	9632	9181	4311	4	4																		
4:20:00	37.0	7218	9210	10823	7755	7562	4																			7603	6898	5915	7278	7514	3																			9890	789	7157	7423	7077	4																			4612	280	8545	7478	590	3																			5452	208	1912	380	534	4																			8041	1247	3021	253	554	3																			1417	889	3955	148	536	4																			2851	434	328	1149	5444	3																			3993	4416	592	648	5410	4																			457	3190	965	311	5895	6																			532	1890	162	3290	6038	3																			876	8223	238	2327	6219	4																			114	7010	353	1493	6527	4																			314	4626	5656	6767	6886	5																			527	10871	7966	5555	4	5																			7502	9650	9184	4323	4	3																		
4:25:00	37.0	7232	9221	10825	7769	7578	3																			7593	6894	5925	7278	7526	4																			9878	793	7160	7423	7087	4																			4606	282	8548	7482	587	4																			5449	210	1914	384	532	4																			8032	1250	3022	255	550	3																			1418	894	3951	150	533	4																			2854	438	329	1154	5414	4																			3998	4421	592	648	5378	3																			458	3190	970	314	5860	7																			536	1893	163	3298	6005	3																			877	8219	240	2332	6201	3																			114	7016	355	1498	6511	2																			316	4627	5649	6761	6874	4																			527	10869	7966	5557	4	6																			7503	9636	9187	4328	5	5																		
4:30:00	37.0	7228	9216	10827	7770	7582	2																			7602	6893	5918	7297	7525	5																			9891	795	7161	7436	7089	3																			4620	283	8560	7492	584	4																			5453	211	1913	384	527	3																			8034	1252	3023	258	547	3																			1421	897	3963	151	531	3																			2860	439	332	1156	5388	4																			4006	4418	597	650	5345	4																			462	3199	973	315	5853	7																			536	1893	163	3299	5981	3																			879	8221	243	2335	6171	4																			115	7008	357	1500	6480	3																			320	4629	5654	6769	6872	5																			531	10877	7972	5561	3	5																			7501	9639	9183	4320	4	3																		
4:35:00	37.0	7214	9214	10829	7771	7591	4																			7604	6888	5923	7288	7535	4																			9884	798	7156	7450	7089	3																			4616	285	8556	7495	581	4																			5450	213	1916	388	526	5																			8040	1257	3034	258	544	3																			1424	899	3966	153	527	3																			2860	441	334	1159	5352	4																			4005	4419	600	654	5332	4																			462	3198	975	317	5826	6																			539	1894	164	3302	5954	5																			883	8227	243	2339	6142	5																			114	7005	359	1501	6464	4																			319	4632	5663	6766	6842	4																			532	10863	7985	5561	3	5																			7504	9640	9193	4330	4	4																		
4:40:00	37.0	7205	9212	10834	7785	7596	4																			7615	6898	5914	7306	7543	4																			9896	800	7155	7462	7107	4																			4623	287	8563	7503	580	3																			5454	215	1919	388	524	3																			8049	1261	3029	261	543	4																			1426	905	3969	152	524	4																			2864	443	336	1162	5333	3																			4011	4418	602	657	5305	4																			465	3204	978	319	5802	6																			541	1900	166	3306	5935	3																			886	8219	246	2344	6129	3																			117	7022	361	1505	6444	3																			320	4635	5664	6775	6834	4																			536	10885	7985	5561	4	6																			7500	9637	9199	4333	4	2																		
4:45:00	37.0	7199	9208	10826	7790	7594	4																			7620	6892	5918	7306	7543	4																			9901	804	7153	7462	7119	4																			4616	288	8552	7520	577	4																			5452	217	1923	391	521	4																			8053	1261	3033	263	538	4																			1428	908	3969	155	522	4																			2870	445	337	1165	5301	3																			4017	4419	605	659	5329	4																			469	3200	981	321	5779	6																			542	1901	168	3310	5906	4																			889	8231	246	2343	6116	4																			116	7003	362	1507	6427	3																			323	4630	5670	6775	6812	3																			538	10880	7979	5568	2	5																			7502	9642	9190	4331	4	2																		
4:50:00	36.9	7201	9209	10839	7796	7601	3																			7634	6892	5917	7317	7539	3																			9907	805	7169	7463	7121	4																			4613	291	8562	7528	576	5																			5445	217	1923	393	519	4																			8041	1264	3036	262	538	3																			1432	908	3976	157	518	3																			2870	447	339	1170	5275	3																			4017	4414	606	661	5305	4																			469	3208	984	322	5755	6																			544	1903	168	3313	5889	4																			890	8228	247	2350	6099	2																			117	7009	364	1510	6403	4																			324	4634	5672	6775	6807	4																			540	10875	7986	5568	4	5																			7501	9638	9197	4338	4	5																		
4:55:00	37.0	7188	9184	10817	7794	7609	4																			7611	6886	5911	7308	7556	5																			9893	806	7150	7471	7122	5																			4614	291	8550	7524	576	3																			5440	218	1926	396	516	5																			8047	1269	3036	265	534	4																			1435	911	3970	157	516	5																			2867	448	339	1175	5245	3																			4010	4413	609	663	5279	3																			471	3206	985	322	5723	6																			547	1900	167	3320	5861	3																			893	8223	249	2345	6076	4																			117	7019	367	1512	6392	5																			325	4628	5671	6773	6791	4																			541	10869	7987	5567	3	5																			7497	9626	9199	4338	3	2																		
5:00:00	37.0	7185	9190	10816	7797	7605	4																			7613	6879	5912	7321	7557	4																			9887	808	7147	7464	7122	4																			4606	291	8553	7527	572	3																			5448	220	1928	397	512	4																			8037	1270	3039	266	532	4																			1432	911	3973	158	512	3																			2870	449	342	1173	5214	3																			4017	4398	610	668	5248	4																			472	3208	989	324	5695	6																			549	1901	169	3315	5846	3																			896	8215	250	2352	6056	4																			117	7018	365	1511	6371	2																			326	4636	5672	6777	6778	4																			542	10868	7994	5577	3	5																			7500	9645	9197	4334	3	4																		
5:05:00	37.0	7214	9223	10856	7834	7651	4																			7656	6903	5931	7360	7590	6																			9948	814	7181	7508	7159	3																			4632	295	8592	7566	574	3																			5467	221	1938	400	513	2																			8061	1278	3051	268	532	3																			1446	918	3988	159	513	5																			2881	453	344	1182	5209	4																			4033	4416	615	671	5249	4																			476	3226	995	327	5695	7																			552	1911	171	3334	5930	3																			900	8252	253	2363	6066	3																			120	7043	370	1519	6381	3																			329	4654	5699	6807	6784	5																			548	10923	8023	5600	4	6																			7531	9675	9228	4357	3	3																		
5:10:00	37.0	7217	9235	10864	7843	7654	4																			7663	6913	5938	7370	7613	4																			9934	816	7181	7524	7157	4																			4644	296	8604	7573	570	4																			5464	223	1939	401	511	3																			8083	1280	3055	271	529	4																			1444	919	4004	160	511	5																			2889	455	345	1187	5194	3																			4046	4423	616	672	5216	4																			478	3229	999	329	5681	6																			554	1918	172	3341	5927	3																			904	8261	252	2366	6057	4																			118	7046	373	1524	6368	3																			330	4657	5706	6833	6784	5																			551	10924	8037	5603	4	6																			7542	9681	9249	4363	3	4																		
5:15:00	37.0	7224	9229	10870	7854	7672	4																			7674	6919	5938	7380	7609	5																			9970	820	7187	7531	7188	4																			4641	298	8608	7592	570	3																			5470	224	1940	403	508	4																			8083	1284	3056	272	530	4																			1448	924	4002	161	509	4																			2884	457	347	1189	5168	4																			4049	4425	620	675	5216	4																			479	3236	1002	330	5666	5																			557	1916	173	3342	5920	3																			906	8253	254	2372	6037	3																			120	7046	374	1526	6364	3																			332	4663	5721	6826	6784	3																			551	10927	8050	5608	3	6																			7546	9688	9258	4369	4	4																		
5:20:00	37.0	7218	9224	10864	7868	7673	3																			7676	6918	5943	7379	7617	4																			9956	820	7181	7535	7183	4																			4635	299	8591	7592	568	4																			5472	224	1943	405	507	3																			8091	1285	3061	273	526	4																			1448	925	4009	161	506	5																			2889	457	349	1191	5149	3																			4046	4426	621	677	5192	3																			481	3230	1003	332	5642	6																			557	1919	174	3347	5894	4																			907	8263	256	2373	6020	4																			119	7043	374	1527	6347	3																			334	4653	5709	6826	6769	3																			553	10934	8044	5616	4	5																			7547	9682	9261	4363	4	3																		
5:25:00	37.0	7231	9235	10874	7875	7686	5																			7683	6927	5939	7396	7638	4																			9970	824	7187	7546	7194	3																			4643	299	8605	7608	565	4																			5466	225	1948	407	506	3																			8090	1290	3057	274	524	3																			1449	927	4012	163	505	4																			2891	460	349	1195	5130	3																			4050	4428	624	680	5173	3																			483	3235	1006	333	5629	6																			560	1921	175	3352	5874	3																			910	8281	256	2377	6001	3																			120	7054	377	1532	6335	4																			335	4657	5717	6844	6755	5																			556	10956	8058	5618	3	5																			7548	9701	9263	4373	4	3																		
5:30:00	37.0	7228	9235	10884	7882	7695	3																			7695	6925	5949	7399	7640	3																			9979	825	7197	7560	7218	4																			4642	301	8608	7614	564	3																			5470	226	1948	409	502	3																			8106	1289	3068	275	520	5																			1454	929	4012	163	502	3																			2895	460	350	1196	5108	4																			4054	4415	624	679	5156	4																			484	3240	1009	334	5604	5																			562	1924	175	3358	5862	3																			912	8266	257	2380	5984	3																			119	7044	379	1536	6327	3																			337	4662	5724	6846	6753	4																			557	10949	8066	5628	3	6																			7542	9694	9283	4381	3	4																		
5:35:00	37.0	7243	9234	10905	7908	7707	4																			7706	6931	5956	7419	7650	4																			9979	828	7203	7561	7214	5																			4651	303	8624	7624	562	4																			5479	228	1953	411	502	4																			8110	1294	3071	277	520	4																			1456	934	4017	164	502	4																			2902	463	351	1200	5091	3																			4060	4423	627	682	5144	4																			487	3245	1012	335	5595	5																			563	1925	176	3369	5855	3																			913	8286	260	2386	5985	3																			121	7059	381	1536	6322	3																			339	4671	5738	6851	6760	3																			560	10965	8079	5637	4	5																			7563	9716	9300	4380	2	4																		
5:40:00	37.0	7239	9238	10891	7899	7712	4																			7715	6934	5959	7419	7660	5																			10012	829	7200	7573	7226	3																			4643	305	8619	7627	563	3																			5487	229	1955	412	498	4																			8121	1297	3074	278	519	4																			1458	935	4020	166	501	3																			2903	465	353	1201	5076	3																			4066	4425	628	684	5134	3																			487	3247	1014	337	5574	6																			564	1929	176	3363	5828	3																			916	8288	261	2387	5977	4																			121	7071	381	1538	6314	3																			338	4668	5739	6855	6765	5																			561	10974	8079	5638	4	5																			7565	9728	9310	4391	4	4																		
5:45:00	37.0	7234	9231	10892	7905	7715	4																			7719	6920	5960	7423	7668	4																			10008	831	7204	7590	7219	3																			4650	303	8624	7640	561	3																			5477	230	1956	414	496	4																			8120	1298	3078	279	517	4																			1460	938	4027	166	499	3																			2904	465	354	1204	5056	4																			4062	4423	629	686	5124	3																			487	3251	1016	336	5564	8																			567	1931	177	3367	5825	4																			916	8278	262	2388	5960	3																			121	7067	383	1541	6299	4																			338	4680	5746	6862	6752	4																			561	10963	8092	5630	4	5																			7567	9734	9319	4396	5	3																		
5:50:00	37.0	7220	9218	10883	7898	7714	4																			7716	6915	5947	7417	7661	4																			9987	831	7188	7570	7218	4																			4641	306	8608	7634	557	4																			5471	229	1952	414	495	4																			8119	1296	3067	279	513	3																			1460	938	4024	166	495	4																			2905	465	354	1206	5036	2																			4058	4411	629	685	5101	3																			489	3245	1017	338	5540	6																			567	1928	178	3369	5798	4																			918	8272	262	2390	5958	3																			121	7052	384	1538	6287	3																			340	4669	5735	6854	6731	3																			562	10969	8090	5637	3	6																			7561	9700	9311	4392	4	3																		
5:55:00	37.0	7222	9220	10886	7907	7715	4																			7725	6910	5951	7429	7654	4																			9991	832	7177	7571	7216	3																			4643	305	8607	7637	557	4																			5472	230	1953	414	494	3																			8127	1302	3073	280	511	4																			1458	938	4024	167	492	4																			2902	465	356	1206	5007	3																			4063	4406	632	686	5106	3																			490	3247	1018	338	5520	6																			568	1926	180	3373	5786	3																			919	8274	264	2390	5934	4																			121	7059	385	1543	6276	3																			341	4664	5740	6856	6720	4																			564	10975	8089	5645	3	5																			7561	9712	9317	4396	3	3																		
6:00:00	37.0	7226	9211	10888	7921	7711	4																			7722	6914	5941	7437	7670	3																			9996	834	7189	7579	7225	3																			4645	307	8609	7646	555	4																			5473	230	1957	417	492	2																			8103	1302	3069	281	512	4																			1463	940	4027	168	491	4																			2898	465	356	1209	4982	4																			4059	4400	633	688	5095	5																			491	3242	1017	339	5486	7																			570	1928	180	3367	5759	4																			920	8260	263	2389	5916	2																			121	7044	386	1542	6253	4																			342	4667	5741	6855	6700	3																			565	10950	8081	5641	4	6																			7552	9697	9295	4380	3	4																		

PURE:GFP-G50

Time	T° GFP-G50:485/20,528/20	A1	A2	A3	A4	A5	A6	A7	A8	A9	A10	A11	A12	A13	A14	A15	A16	A17	A18	A19	A20	A21	A22	A23	A24	B1	B2	B3	B4	B5	B6	B7	B8	B9	B10	B11	B12	B13	B14	B15	B16	B17	B18	B19	B20	B21	B22	B23	B24	C1	C2	C3	C4	C5	C6	C7	C8	C9	C10	C11	C12	C13	C14	C15	C16	C17	C18	C19	C20	C21	C22	C23	C24	D1	D2	D3	D4	D5	D6	D7	D8	D9	D10	D11	D12	D13	D14	D15	D16	D17	D18	D19	D20	D21	D22	D23	D24	E1	E2	E3	E4	E5	E6	E7	E8	E9	E10	E11	E12	E13	E14	E15	E16	E17	E18	E19	E20	E21	E22	E23	E24	F1	F2	F3	F4	F5	F6	F7	F8	F9	F10	F11	F12	F13	F14	F15	F16	F17	F18	F19	F20	F21	F22	F23	F24	G1	G2	G3	G4	G5	G6	G7	G8	G9	G10	G11	G12	G13	G14	G15	G16	G17	G18	G19	G20	G21	G22	G23	G24	H1	H2	H3	H4	H5	H6	H7	H8	H9	H10	H11	H12	H13	H14	H15	H16	H17	H18	H19	H20	H21	H22	H23	H24	I1	I2	I3	I4	I5	I6	I7	I8	I9	I10	I11	I12	I13	I14	I15	I16	I17	I18	I19	I20	I21	I22	I23	I24	J1	J2	J3	J4	J5	J6	J7	J8	J9	J10	J11	J12	J13	J14	J15	J16	J17	J18	J19	J20	J21	J22	J23	J24	K1	K2	K3	K4	K5	K6	K7	K8	K9	K10	K11	K12	K13	K14	K15	K16	K17	K18	K19	K20	K21	K22	K23	K24	L1	L2	L3	L4	L5	L6	L7	L8	L9	L10	L11	L12	L13	L14	L15	L16	L17	L18	L19	L20	L21	L22	L23	L24	M1	M2	M3	M4	M5	M6	M7	M8	M9	M10	M11	M12	M13	M14	M15	M16	M17	M18	M19	M20	M21	M22	M23	M24	N1	N2	N3	N4	N5	N6	N7	N8	N9	N10	N11	N12	N13	N14	N15	N16	N17	N18	N19	N20	N21	N22	N23	N24	O1	O2	O3	O4	O5	O6	O7	O8	O9	O10	O11	O12	O13	O14	O15	O16	O17	O18	O19	O20	O21	O22	O23	O24	P1	P2	P3	P4	P5	P6	P7	P8	P9	P10	P11	P12	P13	P14	P15	P16	P17	P18	P19	P20	P21	P22	P23	P24
0:00:33	37.0	110	120	118	95	92	64																			111	107	111	95	93	73																			131	187	122	110	122	67																			143	340	175	100	15657	64																			162	128	121	104	15548	66																			112	106	115	97	15657	64																			101	111	110	92	15575	63																			117	100	92	105	OVRFLW	63																			122	125	119	105	OVRFLW	64																			109	147	148	110	OVRFLW	114																			99	112	92	100	OVRFLW	62																			119	117	95	96	OVRFLW	62																			108	117	99	94	OVRFLW	65																			112	103	91	99	OVRFLW	67																			117	113	98	102	63	92																			109	113	107	95	67	67																		
0:05:33	37.0	117	124	121	104	100	65																			111	115	112	101	99	72																			129	164	121	109	124	66																			133	254	151	101	15216	64																			149	120	115	98	15153	65																			115	106	113	96	15215	63																			106	113	110	90	15141	63																			119	102	93	103	OVRFLW	63																			124	125	110	101	OVRFLW	61																			110	136	127	98	OVRFLW	111																			99	111	91	98	OVRFLW	63																			119	119	95	95	OVRFLW	61																			107	117	97	92	OVRFLW	63																			112	106	94	98	OVRFLW	68																			119	119	99	103	64	90																			117	116	110	97	66	65																		
0:10:33	37.0	148	147	147	145	145	65																			130	146	125	134	138	70																			161	173	136	142	160	64																			145	237	157	135	14976	63																			159	125	120	103	14839	64																			131	114	122	96	14921	61																			117	121	118	94	14893	62																			133	107	98	108	OVRFLW	62																			135	138	113	105	OVRFLW	60																			116	143	129	98	OVRFLW	109																			106	120	95	105	OVRFLW	60																			128	132	99	104	OVRFLW	61																			113	132	102	98	OVRFLW	62																			119	122	106	107	OVRFLW	65																			129	152	120	113	62	88																			150	154	142	108	65	67																		
0:15:33	37.0	298	273	299	314	324	65																			242	295	170	284	296	69																			342	196	183	287	300	66																			188	235	205	276	14570	63																			207	131	135	110	14325	63																			199	127	141	105	14441	61																			138	136	142	98	14383	61																			161	118	105	117	OVRFLW	61																			165	165	120	115	OVRFLW	61																			129	163	138	106	OVRFLW	110																			119	141	103	121	OVRFLW	62																			148	192	105	116	OVRFLW	61																			125	186	110	112	OVRFLW	61																			131	166	174	154	OVRFLW	65																			145	344	229	153	63	86																			315	351	325	152	64	64																		
0:20:33	37.0	1055	1029	1198	1051	1094	65																			893	994	406	916	978	70																			1338	231	445	901	901	65																			395	242	523	888	14406	63																			457	141	170	120	14098	64																			592	153	191	114	14228	61																			185	160	207	106	14213	61																			240	135	118	138	OVRFLW	62																			255	262	135	130	OVRFLW	61																			149	227	153	116	OVRFLW	109																			139	189	109	167	OVRFLW	59																			175	539	115	155	OVRFLW	61																			139	472	121	143	OVRFLW	61																			146	376	548	407	OVRFLW	65																			166	1420	871	373	63	87																			1137	1383	1336	362	66	64																		
0:25:33	37.0	3234	3466	4015	3037	3112	65																			2926	3039	1308	2664	2850	71																			4236	285	1460	2651	2612	64																			1116	256	1762	2646	14104	63																			1346	156	279	137	13762	63																			1977	212	357	124	13914	61																			309	211	440	113	13843	61																			475	166	139	183	OVRFLW	61																			573	593	165	158	OVRFLW	61																			184	436	194	134	OVRFLW	110																			174	324	119	339	OVRFLW	60																			231	1833	127	289	OVRFLW	61																			154	1540	138	237	OVRFLW	62																			169	1129	1821	1406	OVRFLW	64																			196	4511	2890	1211	62	88																			3432	4327	4198	1110	65	64																		
0:30:33	37.0	7096	8050	9189	6361	6409	66																			6659	6732	3474	5666	6012	70																			9270	376	3911	5688	5575	64																			2787	274	4695	5710	13822	62																			3385	173	548	162	13372	64																			5021	350	791	143	13544	62																			572	320	1059	126	13456	63																			1036	223	174	283	OVRFLW	61																			1358	1443	225	221	OVRFLW	59																			247	973	286	166	OVRFLW	109																			240	656	134	816	OVRFLW	59																			342	4799	145	630	OVRFLW	59																			176	4057	164	460	OVRFLW	60																			198	2891	4360	3734	OVRFLW	65																			250	9832	6624	3171	63	86																			7363	9382	8970	2806	65	62																		
0:35:33	36.9	12072	14113	15889	10520	10493	64																			11543	11633	7109	9486	10019	70																			15659	519	8056	9576	9397	64																			5597	308	9471	9651	13566	62																			6775	201	1065	207	13090	63																			9822	614	1653	171	13291	61																			1036	513	2311	143	13221	61																			2053	318	233	488	OVRFLW	60																			2822	3073	334	338	OVRFLW	60																			348	2003	467	220	OVRFLW	109																			358	1260	155	1793	OVRFLW	60																			531	9580	174	1298	OVRFLW	59																			200	8232	209	879	OVRFLW	62																			246	5831	7914	7570	OVRFLW	63																			340	16574	11602	6469	62	88																			12371	15776	14910	5570	64	62																		
0:40:33	36.9	17452	20755	23313	15062	14931	66																			16882	17001	11842	13692	14407	70																			22493	732	13465	13868	13576	64																			9322	357	15649	14055	13324	63																			11146	240	1860	278	12801	61																			15741	1035	3041	216	13008	61																			1697	801	4302	167	12897	61																			3550	449	323	830	OVRFLW	61																			5036	5575	499	518	OVRFLW	60																			492	3607	752	299	OVRFLW	108																			531	2167	184	3369	OVRFLW	60																			815	15610	221	2362	OVRFLW	60																			231	13632	279	1514	OVRFLW	60																			315	9678	11961	12479	OVRFLW	65																			472	23968	17116	10744	61	87																			17902	22621	21350	9130	64	61																		
0:45:33	37.0	22864	27497	30718	19733	19472	66																			22300	22304	17095	18033	18890	71																			29397	1032	19442	18256	17878	63																			13514	425	22357	18506	13105	61																			15921	293	2938	379	12590	62																			22146	1603	4919	277	12748	62																			2539	1185	6989	201	12672	61																			5518	621	434	1314	OVRFLW	59																			7904	8860	726	770	OVRFLW	60																			668	5725	1147	400	OVRFLW	108																			755	3351	222	5540	OVRFLW	59																			1195	22197	281	3794	OVRFLW	59																			274	19538	374	2361	OVRFLW	61																			410	13922	16141	17867	OVRFLW	64																			657	31384	22710	15400	60	88																			23368	29527	27828	13025	64	63																		
0:50:33	37.0	28049	34010	38101	24352	23975	64																			27527	27442	22338	22328	23347	69																			36091	1410	25494	22656	22130	63																			17720	517	29067	22918	12880	62																			20649	355	4230	513	12338	62																			28497	2310	7206	355	12561	61																			3521	1643	10172	240	12452	60																			7795	820	564	1927	OVRFLW	60																			11209	12644	999	1071	OVRFLW	60																			874	8248	1638	525	OVRFLW	109																			1024	4753	272	8143	OVRFLW	60																			1648	28724	358	5488	OVRFLW	59																			324	25428	504	3376	OVRFLW	61																			529	18214	20167	23249	OVRFLW	64																			890	38599	28177	20060	61	87																			28658	36231	34024	16923	63	59																		
0:55:33	37.0	32998	40298	45234	28852	28398	65																			32707	32291	27336	26563	27764	68																			42626	1855	31271	26872	26342	62																			21785	629	35602	27292	12713	61																			25153	432	5719	676	12130	62																			34602	3111	9750	452	12326	60																			4599	2158	13648	289	12194	60																			10283	1039	714	2642	OVRFLW	59																			14743	16693	1308	1412	OVRFLW	60																			1101	10962	2196	663	OVRFLW	108																			1324	6308	329	10977	OVRFLW	59																			2177	35073	456	7400	OVRFLW	59																			374	31145	656	4498	OVRFLW	61																			671	22256	24091	28410	OVRFLW	64																			1165	45851	33559	24524	62	87																			33806	42682	40159	20635	63	61																		
1:00:33	37.0	37779	46286	52133	33324	32733	65																			37585	36856	32042	30601	32012	69																			48949	2363	36634	31058	30424	63																			25552	754	41794	31547	12533	62																			29447	519	7286	859	11919	62																			40373	3990	12375	565	12135	61																			5720	2712	17148	348	12021	60																			12805	1273	878	3430	OVRFLW	60																			18305	20706	1644	1791	OVRFLW	60																			1348	13757	2822	819	OVRFLW	108																			1654	7919	394	13889	OVRFLW	60																			2728	41113	560	9404	OVRFLW	59																			432	36467	838	5704	OVRFLW	61																			831	26024	27855	33381	OVRFLW	65																			1465	52832	38684	28749	62	87																			38714	48975	46029	24055	64	61																		
1:05:33	37.0	42192	52117	58649	37689	36990	64																			42311	41144	36392	34575	36208	68																			54948	2913	41726	35129	34432	62																			29019	892	47590	35584	12346	61																			33402	611	8848	1062	11721	62																			45750	4905	14993	690	11947	61																			6855	3290	20563	410	11820	60																			15224	1524	1048	4261	OVRFLW	60																			21665	24484	2002	2198	OVRFLW	61																			1603	16413	3480	980	OVRFLW	106																			1980	9497	462	16629	OVRFLW	61																			3317	46786	680	11345	OVRFLW	58																			494	41452	1027	6931	OVRFLW	59																			999	29564	31427	37922	OVRFLW	64																			1786	59583	43580	32656	63	87																			43340	54910	51706	27272	64	62																		
1:10:33	37.0	46580	57709	65192	41940	41144	66																			46933	45253	40442	38564	40311	68																			60783	3478	46499	39091	38316	63																			32229	1038	53196	39680	12198	61																			37085	711	10400	1279	11560	63																			51035	5830	17473	817	11775	60																			7972	3885	23745	477	11652	62																			17562	1777	1222	5112	OVRFLW	59																			24853	28100	2368	2612	OVRFLW	60																			1863	19003	4146	1146	OVRFLW	107																			2328	11045	537	19280	OVRFLW	58																			3910	52169	804	13222	OVRFLW	58																			557	46148	1233	8105	OVRFLW	60																			1175	32780	34817	42451	OVRFLW	62																			2120	66080	48486	36387	61	87																			47904	60752	57258	30228	63	60																		
1:15:33	37.0	50760	63080	71404	46089	45183	64																			51404	49178	44262	42356	44328	70																			66460	4043	51028	43063	42186	64																			35281	1190	58409	43609	12079	61																			40547	817	11880	1497	11405	61																			55846	6754	19801	949	11630	60																			9040	4489	26669	549	11508	60																			19704	2034	1401	5958	OVRFLW	59																			27788	31384	2747	3033	OVRFLW	60																			2126	21348	4817	1323	OVRFLW	106																			2665	12485	619	21717	OVRFLW	58																			4512	57280	934	15007	OVRFLW	58																			618	50579	1446	9233	OVRFLW	60																			1358	35748	38107	46628	OVRFLW	64																			2461	72390	53200	39877	61	86																			52209	66285	62663	33021	62	60																		
1:20:33	37.0	54730	68313	77361	50187	49284	65																			55685	52936	47743	46162	48292	70																			72068	4626	55226	46880	46012	61																			38071	1342	63411	47441	11902	60																			43833	925	13240	1720	11278	60																			60576	7644	21926	1096	11468	60																			10024	5075	29396	622	11357	60																			21670	2291	1592	6788	OVRFLW	59																			30477	34393	3124	3450	OVRFLW	60																			2391	23540	5495	1500	OVRFLW	107																			3004	13833	697	23962	OVRFLW	59																			5104	62237	1063	16638	OVRFLW	58																			684	54795	1659	10309	OVRFLW	60																			1535	38602	41414	50683	OVRFLW	63																			2801	78408	57732	43173	61	86																			56477	71899	67821	35659	62	60																		
1:25:33	37.0	58538	73183	82975	54140	53152	65																			59792	56481	51071	49844	52113	69																			77228	5160	59236	50544	49553	62																			40570	1493	68161	51227	11788	61																			46869	1027	14509	1943	11093	62																			64964	8494	23900	1235	11322	60																			10948	5637	31882	694	11203	60																			23437	2546	1770	7595	OVRFLW	61																			32866	37149	3485	3866	OVRFLW	60																			2653	25530	6135	1674	OVRFLW	108																			3334	15046	777	25985	OVRFLW	59																			5664	66747	1201	18137	OVRFLW	60																			744	58810	1867	11282	OVRFLW	61																			1707	41140	44461	54432	OVRFLW	64																			3117	84247	61990	46390	60	87																			60408	76882	72626	37995	62	60																		
1:30:33	37.0	62182	77855	88494	58005	56876	64																			63720	59846	54150	53380	55850	68																			82186	5684	62951	54182	53092	64																			43086	1638	72676	54920	11639	63																			49781	1136	15693	2161	10948	61																			69170	9296	25738	1374	11205	59																			11783	6187	34114	769	11050	61																			25141	2790	1957	8339	OVRFLW	59																			35187	39647	3863	4266	OVRFLW	60																			2912	27341	6763	1848	OVRFLW	108																			3645	16151	856	27860	OVRFLW	58																			6211	71087	1319	19515	OVRFLW	58																			804	62449	2075	12184	OVRFLW	59																			1885	43525	47313	57990	OVRFLW	63																			3431	89722	66064	49202	61	86																			64228	81753	77292	40303	62	60																		
1:35:33	37.0	65750	82306	93716	61787	60668	64																			67598	63103	57069	57004	59617	69																			87006	6181	66627	57782	56622	62																			45357	1785	76928	58525	11519	61																			52527	1241	16757	2376	10803	62																			73172	10051	27341	1507	11068	60																			12560	6721	36259	842	10928	60																			26614	3037	2122	9041	OVRFLW	59																			37232	41923	4191	4641	OVRFLW	58																			3153	29084	7341	2022	OVRFLW	108																			3950	17186	940	29573	OVRFLW	59																			6731	75159	1451	20797	OVRFLW	59																			862	66038	2279	13029	OVRFLW	59																			2053	45772	50149	61426	OVRFLW	63																			3736	94993	70023	52004	62	86																			67959	86466	81968	42444	62	61																		
1:40:33	37.0	68990	86637	98456	65358	64222	62																			71088	66064	59760	60318	63140	68																			91503	6641	70017	61230	59975	64																			47445	1932	81071	62051	11391	59																			55028	1342	17759	2584	10667	61																			76875	10730	28850	1632	10914	59																			13284	7209	38187	916	10793	59																			28076	3267	2301	9697	OVRFLW	59																			39032	44065	4529	5021	OVRFLW	59																			3399	30641	7887	2181	OVRFLW	107																			4236	18123	1017	31222	OVRFLW	56																			7212	79072	1573	21993	OVRFLW	59																			917	69338	2469	13781	OVRFLW	59																			2218	47968	52810	64668	OVRFLW	63																			4025	OVRFLW	73822	54749	60	87																			71361	90708	86022	44394	62	60																		
1:45:33	37.0	72223	90921	OVRFLW	69126	67887	64																			74663	69126	62402	63726	66667	67																			95803	7082	73142	64725	63368	60																			49566	2075	84824	65496	11292	60																			57623	1450	18741	2787	10565	60																			80507	11410	30348	1764	10795	58																			13978	7674	40036	982	10671	58																			29390	3494	2465	10326	OVRFLW	59																			40941	46091	4848	5366	99970	59																			3635	32147	8429	2344	OVRFLW	106																			4522	19050	1090	32782	OVRFLW	58																			7702	82840	1695	23088	OVRFLW	58																			971	72665	2665	14541	OVRFLW	59																			2379	50020	55435	67934	OVRFLW	64																			4297	OVRFLW	77412	57298	61	87																			74849	95058	90140	46307	62	60																		
1:50:33	36.9	75398	94835	OVRFLW	72605	71322	65																			78020	72045	65011	67043	70204	68																			99958	7489	76267	68221	66673	62																			51538	2212	88584	68881	11194	61																			60000	1546	19602	2983	10467	60																			84024	12007	31681	1897	10718	60																			14606	8139	41681	1052	10553	60																			30601	3709	2627	10906	OVRFLW	60																			42585	48019	5149	5694	99091	58																			3851	33578	8895	2500	OVRFLW	106																			4774	19907	1167	34254	OVRFLW	59																			8134	86434	1818	24155	OVRFLW	58																			1023	75548	2843	15247	OVRFLW	58																			2537	51964	57967	70816	OVRFLW	63																			4567	OVRFLW	81060	59717	60	88																			78183	99358	94173	48193	62	60																		
1:55:33	37.0	78439	98525	OVRFLW	76119	74859	63																			81216	74946	67409	70341	73543	68																			OVRFLW	7880	79130	71534	69919	63																			53355	2347	92050	72117	11104	61																			62209	1637	20445	3179	10381	60																			87323	12576	32954	2020	10621	58																			15217	8550	43294	1127	10469	59																			31769	3912	2787	11453	OVRFLW	59																			44249	49811	5423	6003	98288	59																			4073	34923	9348	2655	OVRFLW	106																			5024	20700	1238	35588	OVRFLW	58																			8541	89855	1932	25157	OVRFLW	57																			1072	78374	3024	15880	OVRFLW	58																			2685	53823	60399	73779	OVRFLW	62																			4822	OVRFLW	84423	62138	60	87																			81182	OVRFLW	98059	49907	62	59																		
2:00:33	36.9	81200	OVRFLW	OVRFLW	79454	78142	62																			84379	77532	69531	73358	76823	70																			OVRFLW	8244	81990	74651	72954	61																			54958	2470	95471	75562	11016	60																			64234	1741	21227	3363	10293	61																			90501	13117	34144	2143	10523	59																			15771	8951	44828	1192	10368	58																			32887	4108	2937	11960	99539	60																			45712	51520	5697	6315	97541	58																			4272	36102	9774	2802	OVRFLW	105																			5257	21457	1320	36865	OVRFLW	57																			8935	92944	2048	26084	OVRFLW	58																			1116	81038	3193	16486	OVRFLW	59																			2828	55493	62662	76411	OVRFLW	63																			5076	OVRFLW	87481	64296	59	86																			84294	OVRFLW	OVRFLW	51461	61	60																		
2:05:33	37.0	83840	OVRFLW	OVRFLW	82639	81347	65																			86797	79842	71650	76489	79912	68																			OVRFLW	8549	84484	77792	75963	62																			56638	2596	98606	78580	10930	60																			66156	1829	21943	3532	10211	62																			93225	13612	35221	2254	10447	60																			16292	9319	46218	1263	10262	59																			33875	4300	3084	12414	98499	60																			47084	53042	5939	6575	96696	60																			4467	37270	10167	2934	OVRFLW	106																			5476	22134	1390	38090	OVRFLW	58																			9296	95932	2148	26919	OVRFLW	60																			1164	83593	3355	17061	OVRFLW	58																			2972	57057	64842	78791	OVRFLW	63																			5289	OVRFLW	90508	66245	58	87																			86863	OVRFLW	OVRFLW	53010	62	60																		
2:10:33	37.0	86251	OVRFLW	OVRFLW	85690	84230	63																			89268	82042	73450	79303	82863	67																			OVRFLW	8848	86795	80751	78767	60																			58005	2706	OVRFLW	81500	10801	60																			67946	1924	22607	3695	10113	60																			95671	14057	36184	2358	10360	59																			16747	9642	47422	1322	10166	59																			34740	4469	3213	12833	97735	60																			48256	54447	6178	6828	95687	58																			4647	38308	10540	3063	OVRFLW	108																			5668	22727	1456	39100	OVRFLW	57																			9620	98631	2247	27647	OVRFLW	57																			1206	85791	3499	17576	OVRFLW	59																			3093	58524	66797	81142	OVRFLW	62																			5506	OVRFLW	93310	68039	60	87																			89377	OVRFLW	OVRFLW	54342	61	60																		
2:15:33	37.0	88548	OVRFLW	OVRFLW	88758	87156	63																			91834	84177	75252	82206	85911	68																			OVRFLW	9131	88880	83510	81599	60																			59407	2819	OVRFLW	84359	10749	59																			69702	2005	23236	3854	10013	61																			98550	14447	37163	2467	10276	59																			17216	9979	48666	1383	10082	59																			35584	4631	3336	13251	96998	57																			49541	55742	6416	7086	95241	60																			4814	39329	10917	3184	OVRFLW	104																			5874	23350	1526	40186	OVRFLW	58																			9945	OVRFLW	2348	28437	OVRFLW	57																			1242	88037	3647	18094	OVRFLW	59																			3223	59868	68681	83358	OVRFLW	61																			5708	OVRFLW	95760	69883	60	89																			91964	OVRFLW	OVRFLW	55539	62	60																		
2:20:33	37.0	90636	OVRFLW	OVRFLW	91797	90254	64																			94202	86316	76867	85080	88734	68																			OVRFLW	9399	90927	86531	84420	61																			60691	2931	OVRFLW	87438	10658	60																			71208	2083	23819	4003	9950	60																			OVRFLW	14888	38039	2567	10165	60																			17652	10280	49836	1437	9966	58																			36434	4789	3463	13632	96299	59																			50597	56944	6627	7297	94523	58																			4995	40254	11204	3310	OVRFLW	107																			6051	23927	1584	41132	OVRFLW	58																			10240	OVRFLW	2438	29144	OVRFLW	57																			1287	89997	3780	18540	OVRFLW	61																			3345	61117	70667	85428	OVRFLW	62																			5890	OVRFLW	98331	71411	60	86																			94170	OVRFLW	OVRFLW	56822	61	60																		
2:25:33	37.0	92799	OVRFLW	OVRFLW	94533	93090	65																			96421	88265	78378	87772	91595	68																			OVRFLW	9635	92807	89305	87187	61																			61822	3024	OVRFLW	90034	10568	60																			72564	2160	24342	4143	9839	60																			OVRFLW	15274	38875	2667	10077	59																			18051	10564	50792	1502	9895	59																			37233	4930	3580	13983	95633	59																			51658	58058	6817	7513	93500	60																			5145	41145	11530	3422	OVRFLW	107																			6220	24417	1647	41989	OVRFLW	56																			10500	OVRFLW	2534	29765	OVRFLW	57																			1320	91765	3907	18931	OVRFLW	58																			3450	62320	72232	87417	OVRFLW	62																			6082	OVRFLW	OVRFLW	72863	61	87																			96153	OVRFLW	OVRFLW	57853	61	59																		
2:30:33	37.0	94514	OVRFLW	OVRFLW	97377	95917	63																			98414	89961	79788	90295	94316	67																			OVRFLW	9864	94568	92061	89688	60																			62909	3131	OVRFLW	92813	10506	60																			73869	2234	24856	4278	9760	59																			OVRFLW	15606	39663	2753	9989	59																			18394	10829	51850	1553	9812	59																			37873	5071	3683	14301	94768	59																			52574	59162	7012	7720	92974	58																			5295	41930	11816	3522	99840	104																			6383	24905	1701	42853	OVRFLW	58																			10771	OVRFLW	2620	30377	OVRFLW	56																			1356	93494	4037	19363	OVRFLW	58																			3561	63259	73773	89227	OVRFLW	63																			6246	OVRFLW	OVRFLW	74371	58	87																			98027	OVRFLW	OVRFLW	58958	61	58																		
2:35:33	37.0	96214	OVRFLW	OVRFLW	99963	98186	63																			OVRFLW	91511	81091	92840	96776	68																			OVRFLW	10085	96257	94519	91880	62																			63922	3226	OVRFLW	95307	10426	61																			75075	2314	25337	4405	9707	59																			OVRFLW	15981	40393	2848	9928	59																			18762	11086	52749	1613	9721	59																			38556	5210	3799	14604	94052	58																			53448	60159	7192	7920	92069	58																			5432	42731	12099	3628	98885	105																			6552	25375	1762	43646	OVRFLW	58																			11019	OVRFLW	2702	30958	OVRFLW	57																			1391	94887	4146	19735	OVRFLW	59																			3663	64342	75139	90727	OVRFLW	61																			6411	OVRFLW	OVRFLW	75611	60	87																			99851	OVRFLW	OVRFLW	59783	63	59																		
2:40:33	37.0	97967	OVRFLW	OVRFLW	OVRFLW	OVRFLW	63																			OVRFLW	93142	82047	95183	98966	67																			OVRFLW	10302	97594	96730	93993	60																			64801	3313	OVRFLW	97623	10353	60																			76272	2379	25793	4537	9595	60																			OVRFLW	16247	41015	2930	9854	59																			19090	11328	53521	1658	9669	59																			39092	5320	3900	14907	93491	58																			54339	61030	7353	8091	91340	58																			5563	43483	12351	3723	98384	105																			6695	25777	1813	44421	99755	58																			11259	OVRFLW	2771	31504	OVRFLW	58																			1421	96416	4254	20136	OVRFLW	58																			3760	65184	76508	92330	OVRFLW	62																			6553	OVRFLW	OVRFLW	76927	59	87																			OVRFLW	OVRFLW	OVRFLW	60667	61	59																		
2:45:33	37.0	99464	OVRFLW	OVRFLW	OVRFLW	OVRFLW	63																			OVRFLW	94563	83249	97218	OVRFLW	67																			OVRFLW	10489	99083	98892	95772	61																			65610	3401	OVRFLW	99773	10293	61																			77335	2452	26229	4646	9535	59																			OVRFLW	16543	41646	3015	9778	60																			19419	11558	54402	1711	9608	59																			39712	5468	3999	15210	92869	59																			55216	61974	7528	8285	90843	58																			5714	44102	12606	3820	98123	105																			6817	26210	1873	45082	99074	59																			11471	OVRFLW	2852	32026	OVRFLW	57																			1448	97737	4363	20467	OVRFLW	58																			3849	66077	77841	93809	OVRFLW	63																			6709	OVRFLW	OVRFLW	77850	60	85																			OVRFLW	OVRFLW	OVRFLW	61459	61	59																		
2:50:33	37.0	OVRFLW	OVRFLW	OVRFLW	OVRFLW	OVRFLW	62																			OVRFLW	95860	84268	98882	OVRFLW	67																			OVRFLW	10657	OVRFLW	OVRFLW	97451	60																			66391	3482	OVRFLW	OVRFLW	10222	60																			78313	2516	26622	4758	9459	59																			OVRFLW	16844	42304	3093	9692	57																			19708	11778	55190	1763	9545	58																			40248	5585	4097	15460	92130	59																			55999	62696	7672	8468	90179	58																			5836	44766	12869	3911	97371	106																			6982	26551	1921	45793	98665	57																			11691	OVRFLW	2928	32483	OVRFLW	58																			1478	99073	4465	20803	OVRFLW	58																			3947	66743	79016	95042	OVRFLW	62																			6835	OVRFLW	OVRFLW	78908	60	86																			OVRFLW	OVRFLW	OVRFLW	62098	60	58																		
2:55:33	37.0	OVRFLW	OVRFLW	OVRFLW	OVRFLW	OVRFLW	61																			OVRFLW	96937	85030	OVRFLW	OVRFLW	68																			OVRFLW	10824	OVRFLW	OVRFLW	98705	60																			67016	3566	OVRFLW	OVRFLW	10161	59																			79008	2581	26912	4867	9395	60																			OVRFLW	17103	42760	3163	9636	58																			19934	11975	55784	1800	9475	58																			40698	5692	4179	15703	91397	59																			56689	63443	7822	8612	89751	58																			5947	45347	13083	3995	97096	104																			7104	26902	1967	46420	98338	56																			11887	OVRFLW	2997	32893	OVRFLW	57																			1506	99968	4555	21068	OVRFLW	59																			4037	67360	80070	95898	OVRFLW	62																			6972	OVRFLW	OVRFLW	79771	59	88																			OVRFLW	OVRFLW	OVRFLW	62820	60	59																		
3:00:33	37.0	OVRFLW	OVRFLW	OVRFLW	OVRFLW	OVRFLW	63																			OVRFLW	98027	85777	OVRFLW	OVRFLW	66																			OVRFLW	10974	OVRFLW	OVRFLW	99800	60																			67661	3640	OVRFLW	OVRFLW	10116	58																			79706	2635	27290	4958	9376	59																			OVRFLW	17350	43284	3237	9556	59																			20228	12172	56509	1852	9408	58																			41219	5802	4271	15939	90915	58																			57277	64104	7971	8741	88849	59																			6074	45865	13250	4083	96524	106																			7224	27215	2014	47018	97749	56																			12040	OVRFLW	3058	33354	99599	57																			1533	OVRFLW	4648	21361	OVRFLW	59																			4109	68007	81031	96854	OVRFLW	63																			7085	OVRFLW	OVRFLW	80406	59	86																			OVRFLW	OVRFLW	OVRFLW	63311	61	59																		
3:05:33	37.0	OVRFLW	OVRFLW	OVRFLW	OVRFLW	OVRFLW	61																			OVRFLW	99037	86555	OVRFLW	OVRFLW	68																			OVRFLW	11129	OVRFLW	OVRFLW	OVRFLW	61																			68076	3710	OVRFLW	OVRFLW	10061	59																			80293	2700	27650	5062	9305	61																			OVRFLW	17595	43742	3306	9506	59																			20478	12371	57071	1894	9323	58																			41486	5907	4357	16166	90371	58																			57916	64661	8095	8902	88473	59																			6177	46273	13484	4158	95989	104																			7329	27524	2059	47533	97297	57																			12237	OVRFLW	3120	33715	99202	58																			1556	OVRFLW	4740	21587	OVRFLW	57																			4186	68450	81707	97586	OVRFLW	63																			7209	OVRFLW	OVRFLW	81042	57	85																			OVRFLW	OVRFLW	OVRFLW	63843	62	58																		
3:10:33	37.0	OVRFLW	OVRFLW	OVRFLW	OVRFLW	OVRFLW	63																			OVRFLW	99757	86925	OVRFLW	OVRFLW	67																			OVRFLW	11255	OVRFLW	OVRFLW	OVRFLW	62																			68528	3775	OVRFLW	OVRFLW	9990	60																			80650	2749	27927	5148	9235	60																			OVRFLW	17816	44117	3370	9429	59																			20662	12539	57552	1935	9249	59																			42002	6000	4432	16362	89735	58																			58300	65217	8215	9020	87809	58																			6274	46754	13651	4236	95466	105																			7444	27760	2101	47891	96844	56																			12404	OVRFLW	3188	34024	99093	56																			1581	OVRFLW	4809	21767	OVRFLW	58																			4263	68821	82329	98308	OVRFLW	60																			7325	OVRFLW	OVRFLW	81533	60	86																			OVRFLW	OVRFLW	OVRFLW	64167	61	59																		
3:15:33	37.0	OVRFLW	OVRFLW	OVRFLW	OVRFLW	OVRFLW	61																			OVRFLW	OVRFLW	87462	OVRFLW	OVRFLW	67																			OVRFLW	11402	OVRFLW	OVRFLW	OVRFLW	60																			68935	3842	OVRFLW	OVRFLW	9941	60																			81188	2811	28159	5235	9181	60																			OVRFLW	18020	44546	3438	9398	59																			20875	12731	58169	1977	9214	57																			42316	6088	4504	16548	89434	60																			58978	65765	8355	9172	87472	56																			6382	47209	13845	4311	95074	104																			7547	28038	2149	48447	96488	58																			12573	OVRFLW	3237	34411	98625	56																			1603	OVRFLW	4889	22049	OVRFLW	58																			4336	69255	82981	98764	OVRFLW	62																			7418	OVRFLW	OVRFLW	81943	59	86																			OVRFLW	OVRFLW	OVRFLW	64596	61	60																		
3:20:33	37.0	OVRFLW	OVRFLW	OVRFLW	OVRFLW	OVRFLW	63																			OVRFLW	OVRFLW	87897	OVRFLW	OVRFLW	66																			OVRFLW	11523	OVRFLW	OVRFLW	OVRFLW	60																			69244	3901	OVRFLW	OVRFLW	9886	60																			81554	2862	28436	5316	9113	61																			OVRFLW	18213	44884	3489	9297	59																			21056	12877	58497	2012	9142	57																			42606	6174	4565	16713	88641	58																			59352	66058	8452	9278	87393	58																			6476	47491	13988	4369	94467	105																			7645	28210	2190	48874	96079	57																			12685	OVRFLW	3290	34601	98033	56																			1627	OVRFLW	4963	22239	OVRFLW	58																			4397	69451	83372	99158	OVRFLW	62																			7533	OVRFLW	OVRFLW	82414	59	85																			OVRFLW	OVRFLW	OVRFLW	64872	61	59																		
3:25:33	37.0	OVRFLW	OVRFLW	OVRFLW	OVRFLW	OVRFLW	62																			OVRFLW	OVRFLW	88039	OVRFLW	OVRFLW	68																			OVRFLW	11642	OVRFLW	OVRFLW	OVRFLW	61																			69508	3966	OVRFLW	OVRFLW	9842	59																			81838	2901	28624	5412	9048	60																			OVRFLW	18405	45217	3545	9285	58																			21262	12994	58947	2052	9068	58																			42884	6267	4641	16901	88297	60																			59724	66513	8577	9381	86917	59																			6549	47826	14156	4436	94002	105																			7753	28434	2225	49167	95730	58																			12853	OVRFLW	3352	34914	97732	58																			1649	OVRFLW	5048	22430	OVRFLW	57																			4472	69757	83800	99622	OVRFLW	63																			7619	OVRFLW	OVRFLW	82733	59	85																			OVRFLW	OVRFLW	OVRFLW	65194	61	58																		
3:30:33	37.0	OVRFLW	OVRFLW	OVRFLW	OVRFLW	OVRFLW	63																			OVRFLW	OVRFLW	88511	OVRFLW	OVRFLW	66																			OVRFLW	11775	OVRFLW	OVRFLW	OVRFLW	62																			69721	4020	OVRFLW	OVRFLW	9785	60																			82130	2956	28883	5473	8995	60																			OVRFLW	18577	45397	3609	9255	58																			21417	13163	59319	2081	9005	57																			43117	6337	4715	17077	87770	58																			60090	66879	8666	9507	86735	59																			6639	48178	14285	4506	93656	105																			7827	28613	2263	49459	95351	56																			12989	OVRFLW	3406	35124	97500	57																			1662	OVRFLW	5102	22550	OVRFLW	58																			4531	69959	84302	99925	OVRFLW	61																			7698	OVRFLW	OVRFLW	83061	59	87																			OVRFLW	OVRFLW	OVRFLW	65409	61	58																		
3:35:33	37.0	OVRFLW	OVRFLW	OVRFLW	OVRFLW	OVRFLW	62																			OVRFLW	OVRFLW	88777	OVRFLW	OVRFLW	67																			OVRFLW	11856	OVRFLW	OVRFLW	OVRFLW	62																			69978	4075	OVRFLW	OVRFLW	9741	59																			82350	2997	29036	5549	8936	59																			OVRFLW	18727	45669	3655	9175	59																			21533	13302	59629	2116	8959	58																			43398	6412	4775	17196	87135	59																			60398	67039	8769	9614	86504	57																			6728	48381	14440	4560	93159	104																			7903	28788	2303	49617	94727	58																			13095	OVRFLW	3449	35380	97080	58																			1685	OVRFLW	5175	22711	OVRFLW	58																			4595	70249	84631	OVRFLW	OVRFLW	62																			7783	OVRFLW	OVRFLW	83486	60	86																			OVRFLW	OVRFLW	OVRFLW	65491	60	59																		
3:40:33	37.0	OVRFLW	OVRFLW	OVRFLW	OVRFLW	OVRFLW	62																			OVRFLW	OVRFLW	88871	OVRFLW	OVRFLW	68																			OVRFLW	11929	OVRFLW	OVRFLW	OVRFLW	59																			70165	4131	OVRFLW	OVRFLW	9692	60																			82558	3032	29186	5624	8879	60																			OVRFLW	18882	45909	3711	9130	58																			21672	13405	59817	2153	8903	59																			43574	6495	4837	17356	86675	58																			60543	67303	8864	9687	85991	58																			6793	48625	14548	4612	92693	105																			7997	28934	2330	49891	94285	57																			13210	OVRFLW	3495	35500	96826	56																			1702	OVRFLW	5237	22859	OVRFLW	58																			4640	70504	84898	OVRFLW	OVRFLW	61																			7864	OVRFLW	OVRFLW	83541	59	87																			OVRFLW	OVRFLW	OVRFLW	65759	61	59																		
3:45:33	37.0	OVRFLW	OVRFLW	OVRFLW	OVRFLW	OVRFLW	62																			OVRFLW	OVRFLW	89200	OVRFLW	OVRFLW	67																			OVRFLW	12044	OVRFLW	OVRFLW	OVRFLW	61																			70275	4170	OVRFLW	OVRFLW	9620	58																			82599	3075	29295	5682	8826	61																			OVRFLW	19027	46104	3757	9069	60																			21761	13513	60165	2186	8853	58																			43739	6547	4884	17500	86242	58																			60886	67485	8939	9774	85550	57																			6856	48750	14672	4657	92309	105																			8058	29090	2366	50251	94012	57																			13308	OVRFLW	3534	35679	96378	57																			1717	OVRFLW	5288	22965	OVRFLW	60																			4688	70644	85115	OVRFLW	OVRFLW	61																			7944	OVRFLW	OVRFLW	83870	59	87																			OVRFLW	OVRFLW	OVRFLW	65932	60	59																		
3:50:33	37.0	OVRFLW	OVRFLW	OVRFLW	OVRFLW	OVRFLW	62																			OVRFLW	OVRFLW	89133	OVRFLW	OVRFLW	68																			OVRFLW	12087	OVRFLW	OVRFLW	OVRFLW	60																			70284	4219	OVRFLW	OVRFLW	9575	60																			82604	3109	29392	5734	8738	59																			OVRFLW	19109	46249	3796	9018	58																			21859	13606	60193	2210	8782	58																			43854	6592	4940	17593	85451	59																			60962	67583	8996	9847	84898	57																			6928	48975	14768	4708	91734	104																			8129	29124	2395	50327	93480	57																			13376	OVRFLW	3572	35821	95903	57																			1731	OVRFLW	5343	23090	99934	57																			4741	70644	85139	OVRFLW	OVRFLW	62																			8008	OVRFLW	OVRFLW	83844	60	86																			OVRFLW	OVRFLW	OVRFLW	66080	60	59																		
3:55:33	37.0	OVRFLW	OVRFLW	OVRFLW	OVRFLW	OVRFLW	62																			OVRFLW	OVRFLW	89304	OVRFLW	OVRFLW	68																			OVRFLW	12156	OVRFLW	OVRFLW	OVRFLW	61																			70382	4255	OVRFLW	OVRFLW	9522	59																			82883	3150	29479	5780	8675	60																			OVRFLW	19210	46383	3846	8962	58																			21912	13683	60263	2236	8726	59																			43999	6650	4983	17674	84881	57																			61076	67601	9063	9924	84519	58																			6990	49054	14832	4748	91374	104																			8179	29240	2421	50351	92977	56																			13469	OVRFLW	3612	35871	95531	57																			1745	OVRFLW	5390	23122	99658	58																			4788	70721	85447	OVRFLW	OVRFLW	62																			8060	OVRFLW	OVRFLW	83759	59	85																			OVRFLW	OVRFLW	OVRFLW	66042	60	58																		
4:00:33	37.0	OVRFLW	OVRFLW	OVRFLW	OVRFLW	OVRFLW	61																			OVRFLW	OVRFLW	89344	OVRFLW	OVRFLW	68																			OVRFLW	12243	OVRFLW	OVRFLW	OVRFLW	60																			70489	4291	OVRFLW	OVRFLW	9474	60																			82792	3180	29510	5845	8641	58																			OVRFLW	19320	46474	3872	8901	57																			22015	13752	60464	2262	8663	57																			44063	6698	5029	17788	84469	58																			61226	67628	9126	9966	83948	57																			7034	49113	14930	4794	90782	103																			8234	29310	2443	50609	92695	56																			13555	OVRFLW	3653	36017	95096	56																			1757	OVRFLW	5437	23192	99179	57																			4827	70725	85487	OVRFLW	OVRFLW	62																			8127	OVRFLW	OVRFLW	83963	59	87																			OVRFLW	OVRFLW	OVRFLW	66116	60	58																		
4:05:33	37.0	OVRFLW	OVRFLW	OVRFLW	OVRFLW	OVRFLW	66																			OVRFLW	OVRFLW	94478	OVRFLW	OVRFLW	71																			OVRFLW	13063	OVRFLW	OVRFLW	OVRFLW	65																			74751	4618	OVRFLW	OVRFLW	10004	64																			87827	3417	31485	6259	9093	62																			OVRFLW	20593	49451	4171	9378	61																			23482	14720	64305	2431	9138	62																			46856	7177	5388	18982	88938	62																			65192	71939	9777	10684	88445	61																			7534	52298	15965	5133	95531	111																			8806	31283	2630	53902	97604	59																			14468	OVRFLW	3919	38325	OVRFLW	59																			1886	OVRFLW	5830	24760	OVRFLW	61																			5178	75147	90679	OVRFLW	OVRFLW	65																			8715	OVRFLW	OVRFLW	89321	62	90																			OVRFLW	OVRFLW	OVRFLW	70297	64	61																		
4:10:33	37.0	OVRFLW	OVRFLW	OVRFLW	OVRFLW	OVRFLW	65																			OVRFLW	OVRFLW	94963	OVRFLW	OVRFLW	70																			OVRFLW	13149	OVRFLW	OVRFLW	OVRFLW	63																			74986	4644	OVRFLW	OVRFLW	9980	63																			88017	3460	31682	6336	9062	63																			OVRFLW	20702	49632	4209	9366	62																			23577	14809	64592	2458	9100	62																			47052	7240	5447	19133	88524	60																			65351	72034	9860	10768	88054	61																			7603	52503	16083	5184	95354	111																			8853	31338	2656	54131	97435	60																			14573	OVRFLW	3951	38519	OVRFLW	60																			1892	OVRFLW	5886	24865	OVRFLW	60																			5219	75248	90853	OVRFLW	OVRFLW	65																			8748	OVRFLW	OVRFLW	89471	63	91																			OVRFLW	OVRFLW	OVRFLW	70468	64	63																		
4:15:33	37.0	OVRFLW	OVRFLW	OVRFLW	OVRFLW	OVRFLW	66																			OVRFLW	OVRFLW	95044	OVRFLW	OVRFLW	70																			OVRFLW	13214	OVRFLW	OVRFLW	OVRFLW	64																			75028	4685	OVRFLW	OVRFLW	9919	62																			87937	3478	31752	6374	8990	62																			OVRFLW	20829	49760	4246	9318	61																			23654	14892	64652	2488	9039	61																			47163	7274	5472	19202	87944	61																			65525	72169	9914	10825	87517	63																			7657	52518	16144	5229	94958	111																			8934	31434	2685	54257	96841	61																			14638	OVRFLW	3992	38651	99721	60																			1912	OVRFLW	5916	24961	OVRFLW	61																			5260	75281	91011	OVRFLW	OVRFLW	64																			8819	OVRFLW	OVRFLW	89503	62	90																			OVRFLW	OVRFLW	OVRFLW	70730	64	62																		
4:20:33	37.0	OVRFLW	OVRFLW	OVRFLW	OVRFLW	OVRFLW	66																			OVRFLW	OVRFLW	95191	OVRFLW	OVRFLW	71																			OVRFLW	13286	OVRFLW	OVRFLW	OVRFLW	64																			75070	4724	OVRFLW	OVRFLW	9879	62																			88224	3520	31835	6412	8941	63																			OVRFLW	20884	49832	4279	9274	61																			23740	14955	64733	2507	8980	61																			47313	7331	5524	19304	87685	61																			65599	72233	9962	10870	87125	61																			7699	52644	16236	5268	94580	109																			8977	31499	2712	54367	96696	59																			14728	OVRFLW	4019	38808	99294	60																			1921	OVRFLW	5958	24985	OVRFLW	61																			5296	75431	91204	OVRFLW	OVRFLW	66																			8881	OVRFLW	OVRFLW	89728	63	91																			OVRFLW	OVRFLW	OVRFLW	70726	64	61																		
4:25:33	37.0	OVRFLW	OVRFLW	OVRFLW	OVRFLW	OVRFLW	66																			OVRFLW	OVRFLW	95140	OVRFLW	OVRFLW	71																			OVRFLW	13337	OVRFLW	OVRFLW	OVRFLW	64																			75163	4747	OVRFLW	OVRFLW	9836	62																			88067	3544	31868	6471	8916	63																			OVRFLW	20961	49913	4316	9217	62																			23770	15028	64825	2532	8944	61																			47281	7362	5552	19348	87275	60																			65632	72257	10007	10927	86939	62																			7741	52764	16285	5293	94135	111																			9024	31565	2737	54489	96185	59																			14777	OVRFLW	4054	38773	99058	59																			1933	OVRFLW	6002	25114	OVRFLW	61																			5343	75512	91253	OVRFLW	OVRFLW	65																			8915	OVRFLW	OVRFLW	89702	62	90																			OVRFLW	OVRFLW	OVRFLW	70765	62	62																		
4:30:33	37.0	OVRFLW	OVRFLW	OVRFLW	OVRFLW	OVRFLW	65																			OVRFLW	OVRFLW	95040	OVRFLW	OVRFLW	72																			OVRFLW	13357	OVRFLW	OVRFLW	OVRFLW	63																			75172	4789	OVRFLW	OVRFLW	9791	62																			88125	3566	31909	6503	8845	62																			OVRFLW	21044	49976	4340	9153	61																			23780	15080	64902	2553	8901	62																			47390	7402	5590	19413	86883	61																			65677	72160	10064	10985	86320	61																			7782	52779	16347	5324	93985	110																			9070	31603	2752	54545	95931	59																			14832	OVRFLW	4082	38925	98687	59																			1940	OVRFLW	6035	25153	OVRFLW	61																			5355	75496	91344	OVRFLW	OVRFLW	64																			8963	OVRFLW	OVRFLW	89832	62	91																			OVRFLW	OVRFLW	OVRFLW	70819	64	61																		
4:35:33	37.0	OVRFLW	OVRFLW	OVRFLW	OVRFLW	OVRFLW	65																			OVRFLW	OVRFLW	94923	OVRFLW	OVRFLW	70																			OVRFLW	13421	OVRFLW	OVRFLW	OVRFLW	64																			75239	4816	OVRFLW	OVRFLW	9740	62																			88028	3591	31956	6538	8839	63																			OVRFLW	21090	50033	4359	9123	61																			23840	15137	64982	2572	8827	60																			47418	7441	5613	19461	86318	60																			65766	72203	10099	11015	85820	61																			7812	52919	16403	5350	93451	110																			9098	31638	2767	54639	95491	61																			14892	OVRFLW	4108	38976	98263	59																			1950	OVRFLW	6059	25159	OVRFLW	61																			5396	75505	91402	OVRFLW	OVRFLW	63																			9004	OVRFLW	OVRFLW	89890	64	91																			OVRFLW	OVRFLW	OVRFLW	70920	64	63																		
4:40:33	37.0	OVRFLW	OVRFLW	OVRFLW	OVRFLW	OVRFLW	65																			OVRFLW	OVRFLW	95081	OVRFLW	OVRFLW	71																			OVRFLW	13454	OVRFLW	OVRFLW	OVRFLW	63																			75251	4839	OVRFLW	OVRFLW	9704	63																			88172	3610	31994	6579	8790	62																			OVRFLW	21125	50084	4392	9070	62																			23877	15172	64905	2591	8800	62																			47481	7480	5639	19533	85934	63																			65720	72086	10148	11064	86163	61																			7848	52920	16468	5380	93261	109																			9136	31689	2796	54632	94981	60																			14918	OVRFLW	4136	38936	97946	60																			1960	OVRFLW	6082	25210	OVRFLW	61																			5416	75530	91423	OVRFLW	OVRFLW	64																			9055	OVRFLW	OVRFLW	89963	62	90																			OVRFLW	OVRFLW	OVRFLW	70867	63	61																		
4:45:33	37.0	OVRFLW	OVRFLW	OVRFLW	OVRFLW	OVRFLW	66																			OVRFLW	OVRFLW	95026	OVRFLW	OVRFLW	69																			OVRFLW	13505	OVRFLW	OVRFLW	OVRFLW	63																			75159	4868	OVRFLW	OVRFLW	9648	64																			88031	3630	31992	6611	8750	63																			OVRFLW	21169	50127	4420	9047	61																			23901	15212	65092	2611	8757	61																			47442	7495	5674	19561	85459	61																			65833	72138	10172	11107	85957	60																			7875	52943	16488	5400	92764	110																			9161	31663	2814	54652	94663	61																			14942	OVRFLW	4154	39029	97618	60																			1963	OVRFLW	6121	25254	OVRFLW	61																			5449	75511	91400	OVRFLW	OVRFLW	66																			9078	OVRFLW	OVRFLW	90017	62	90																			OVRFLW	OVRFLW	OVRFLW	70855	63	61																		
4:50:33	37.0	OVRFLW	OVRFLW	OVRFLW	OVRFLW	OVRFLW	65																			OVRFLW	OVRFLW	95135	OVRFLW	OVRFLW	69																			OVRFLW	13551	OVRFLW	OVRFLW	OVRFLW	63																			75211	4894	OVRFLW	OVRFLW	9655	61																			88100	3654	32049	6633	8709	61																			OVRFLW	21201	50073	4435	9016	61																			23978	15256	65083	2618	8693	60																			47507	7530	5694	19635	85132	62																			65916	72093	10218	11147	85649	60																			7910	52963	16518	5440	92360	110																			9197	31744	2824	54708	94324	60																			14990	OVRFLW	4178	39093	97261	59																			1975	OVRFLW	6147	25249	OVRFLW	60																			5465	75552	91499	OVRFLW	OVRFLW	65																			9113	OVRFLW	OVRFLW	89962	61	92																			OVRFLW	OVRFLW	OVRFLW	70902	63	62																		
4:55:33	37.0	OVRFLW	OVRFLW	OVRFLW	OVRFLW	OVRFLW	65																			OVRFLW	OVRFLW	95081	OVRFLW	OVRFLW	70																			OVRFLW	13571	OVRFLW	OVRFLW	OVRFLW	63																			75123	4909	OVRFLW	OVRFLW	9618	61																			88025	3676	32087	6661	8656	64																			OVRFLW	21232	50142	4468	8968	62																			24006	15287	65138	2637	8649	59																			47527	7550	5717	19655	84577	59																			65854	72020	10227	11171	85222	61																			7933	52934	16592	5431	91822	109																			9224	31690	2847	54757	93970	59																			15027	OVRFLW	4200	39082	97066	58																			1978	OVRFLW	6177	25316	OVRFLW	61																			5502	75324	91372	OVRFLW	OVRFLW	64																			9135	OVRFLW	OVRFLW	90102	61	92																			OVRFLW	OVRFLW	OVRFLW	70858	64	60																		
5:00:33	37.0	OVRFLW	OVRFLW	OVRFLW	OVRFLW	OVRFLW	65																			OVRFLW	OVRFLW	94991	OVRFLW	OVRFLW	69																			OVRFLW	13597	OVRFLW	OVRFLW	OVRFLW	63																			75074	4929	OVRFLW	OVRFLW	9577	61																			87919	3692	32103	6680	8600	63																			OVRFLW	21286	50140	4490	8931	59																			23988	15299	65067	2650	8598	60																			47560	7587	5731	19685	84256	60																			65974	71909	10256	11184	84766	60																			7960	52987	16601	5475	91581	108																			9260	31747	2855	54750	94971	60																			15040	OVRFLW	4218	39122	96850	60																			1988	OVRFLW	6207	25335	OVRFLW	59																			5521	75470	91446	OVRFLW	OVRFLW	64																			9160	OVRFLW	OVRFLW	89930	62	88																			OVRFLW	OVRFLW	OVRFLW	70929	65	61																		
5:05:33	37.0	OVRFLW	OVRFLW	OVRFLW	OVRFLW	OVRFLW	66																			OVRFLW	OVRFLW	95313	OVRFLW	OVRFLW	71																			OVRFLW	13675	OVRFLW	OVRFLW	OVRFLW	64																			75521	4961	OVRFLW	OVRFLW	9584	62																			88224	3729	32257	6743	8618	62																			OVRFLW	21460	50412	4531	8919	62																			24141	15419	65366	2677	8613	61																			47803	7629	5778	19876	84129	60																			66205	72325	10335	11289	84789	60																			8035	53220	16738	5509	91512	110																			9312	31880	2883	55062	95078	59																			15139	OVRFLW	4253	39344	97022	61																			2000	OVRFLW	6249	25493	OVRFLW	59																			5568	75722	91925	OVRFLW	OVRFLW	65																			9235	OVRFLW	OVRFLW	90416	61	92																			OVRFLW	OVRFLW	OVRFLW	71258	63	62																		
5:10:33	37.0	OVRFLW	OVRFLW	OVRFLW	OVRFLW	OVRFLW	63																			OVRFLW	OVRFLW	95417	OVRFLW	OVRFLW	70																			OVRFLW	13756	OVRFLW	OVRFLW	OVRFLW	64																			75481	4996	OVRFLW	OVRFLW	9552	62																			88454	3745	32295	6775	8574	62																			OVRFLW	21466	50443	4559	8889	61																			24178	15466	65473	2697	8576	61																			47758	7656	5819	19935	83972	61																			66156	72275	10384	11328	84538	60																			8050	53378	16772	5532	91368	109																			9353	31963	2908	55208	95036	58																			15196	OVRFLW	4280	39405	96832	61																			2006	OVRFLW	6291	25491	OVRFLW	61																			5580	75780	92006	OVRFLW	OVRFLW	65																			9267	OVRFLW	OVRFLW	90532	64	92																			OVRFLW	OVRFLW	OVRFLW	71346	64	61																		
5:15:33	37.0	OVRFLW	OVRFLW	OVRFLW	OVRFLW	OVRFLW	65																			OVRFLW	OVRFLW	95498	OVRFLW	OVRFLW	69																			OVRFLW	13776	OVRFLW	OVRFLW	OVRFLW	63																			75531	5026	OVRFLW	OVRFLW	9532	63																			88363	3772	32379	6808	8543	62																			OVRFLW	21524	50500	4577	8863	61																			24204	15504	65592	2718	8536	59																			47823	7697	5844	19949	83549	60																			66273	72216	10410	11355	84133	61																			8086	53342	16811	5565	91058	110																			9382	31995	2929	55280	94790	60																			15214	OVRFLW	4293	39413	96576	59																			2007	OVRFLW	6310	25602	OVRFLW	61																			5612	75858	92186	OVRFLW	OVRFLW	65																			9299	OVRFLW	OVRFLW	90568	62	91																			OVRFLW	OVRFLW	OVRFLW	71400	64	62																		
5:20:33	37.0	OVRFLW	OVRFLW	OVRFLW	OVRFLW	OVRFLW	65																			OVRFLW	OVRFLW	95432	OVRFLW	OVRFLW	71																			OVRFLW	13793	OVRFLW	OVRFLW	OVRFLW	62																			75479	5040	OVRFLW	OVRFLW	9487	62																			88307	3779	32377	6831	8490	62																			OVRFLW	21562	50503	4595	8811	61																			24226	15518	65552	2724	8495	60																			47847	7716	5864	19964	83183	61																			66320	72320	10423	11379	83956	60																			8110	53366	16866	5578	90491	108																			9415	31991	2933	55253	94322	59																			15258	OVRFLW	4326	39471	96262	62																			2009	OVRFLW	6339	25604	OVRFLW	61																			5635	75901	92031	OVRFLW	OVRFLW	64																			9305	OVRFLW	OVRFLW	90541	61	90																			OVRFLW	OVRFLW	OVRFLW	71449	63	63																		
5:25:33	37.0	OVRFLW	OVRFLW	OVRFLW	OVRFLW	OVRFLW	65																			OVRFLW	OVRFLW	95470	OVRFLW	OVRFLW	70																			OVRFLW	13854	OVRFLW	OVRFLW	OVRFLW	64																			75644	5066	OVRFLW	OVRFLW	9457	60																			88282	3800	32447	6884	8457	63																			OVRFLW	21639	50603	4625	8769	61																			24264	15569	65677	2734	8470	62																			47915	7720	5882	20041	83015	61																			66423	72198	10481	11411	83539	61																			8136	53402	16911	5599	90578	111																			9444	32058	2949	55367	94289	60																			15275	OVRFLW	4341	39543	96041	60																			2024	OVRFLW	6358	25663	OVRFLW	60																			5657	76050	92313	OVRFLW	OVRFLW	65																			9362	OVRFLW	OVRFLW	90791	64	90																			OVRFLW	OVRFLW	OVRFLW	71480	63	62																		
5:30:33	37.0	OVRFLW	OVRFLW	OVRFLW	OVRFLW	OVRFLW	65																			OVRFLW	OVRFLW	95582	OVRFLW	OVRFLW	69																			OVRFLW	13875	OVRFLW	OVRFLW	OVRFLW	64																			75624	5091	OVRFLW	OVRFLW	9440	61																			88348	3815	32476	6911	8425	63																			OVRFLW	21670	50598	4643	8736	61																			24347	15633	65780	2755	8439	61																			47957	7757	5908	20047	82607	62																			66441	72254	10516	11449	83411	61																			8156	53481	16953	5625	90231	110																			9466	32093	2972	55454	94102	59																			15324	OVRFLW	4356	39613	96076	58																			2026	OVRFLW	6383	25702	OVRFLW	61																			5678	75973	92210	OVRFLW	OVRFLW	65																			9378	OVRFLW	OVRFLW	90756	62	92																			OVRFLW	OVRFLW	OVRFLW	71658	63	61																		
5:35:33	37.0	OVRFLW	OVRFLW	OVRFLW	OVRFLW	OVRFLW	65																			OVRFLW	OVRFLW	95660	OVRFLW	OVRFLW	70																			OVRFLW	13941	OVRFLW	OVRFLW	OVRFLW	65																			75694	5102	OVRFLW	OVRFLW	9430	62																			88615	3837	32526	6936	8417	62																			OVRFLW	21691	50655	4664	8721	60																			24376	15655	65853	2769	8412	61																			48026	7789	5925	20141	82441	61																			66620	72218	10564	11478	83020	61																			8184	53478	17013	5650	90050	110																			9511	32138	2985	55604	93849	60																			15375	OVRFLW	4377	39708	95760	59																			2035	OVRFLW	6420	25769	OVRFLW	61																			5708	76152	92620	OVRFLW	OVRFLW	64																			9423	OVRFLW	OVRFLW	90955	63	91																			OVRFLW	OVRFLW	OVRFLW	71762	64	61																		
5:40:33	37.0	OVRFLW	OVRFLW	OVRFLW	OVRFLW	OVRFLW	65																			OVRFLW	OVRFLW	95611	OVRFLW	OVRFLW	69																			OVRFLW	13959	OVRFLW	OVRFLW	OVRFLW	64																			75736	5134	OVRFLW	OVRFLW	9390	63																			88599	3850	32562	6951	8348	62																			OVRFLW	21755	50742	4677	8675	62																			24407	15717	65858	2779	8382	61																			48062	7808	5953	20158	82030	60																			66547	72151	10570	11493	82901	61																			8205	53586	17053	5668	89803	111																			9517	32160	2998	55602	93695	60																			15405	OVRFLW	4395	39733	95691	60																			2041	OVRFLW	6428	25718	OVRFLW	60																			5729	76159	92383	OVRFLW	OVRFLW	65																			9449	OVRFLW	OVRFLW	90902	62	91																			OVRFLW	OVRFLW	OVRFLW	71763	64	63																		
5:45:33	37.0	OVRFLW	OVRFLW	OVRFLW	OVRFLW	OVRFLW	65																			OVRFLW	OVRFLW	95510	OVRFLW	OVRFLW	72																			OVRFLW	13969	OVRFLW	OVRFLW	OVRFLW	64																			75555	5136	OVRFLW	OVRFLW	9368	63																			88546	3865	32555	6979	8340	63																			OVRFLW	21786	50661	4698	8648	61																			24411	15710	65828	2788	8345	62																			47953	7824	5975	20215	81847	60																			66605	72080	10588	11528	82815	62																			8226	53573	17060	5685	89512	110																			9536	32154	3002	55621	93353	59																			15445	OVRFLW	4420	39742	95522	60																			2041	OVRFLW	6451	25795	OVRFLW	61																			5722	76053	92402	OVRFLW	OVRFLW	63																			9479	OVRFLW	OVRFLW	90945	61	92																			OVRFLW	OVRFLW	OVRFLW	71654	64	62																		
5:50:33	37.0	OVRFLW	OVRFLW	OVRFLW	OVRFLW	OVRFLW	64																			OVRFLW	OVRFLW	95461	OVRFLW	OVRFLW	71																			OVRFLW	13975	OVRFLW	OVRFLW	OVRFLW	63																			75654	5145	OVRFLW	OVRFLW	9309	62																			88413	3876	32540	6988	8306	63																			OVRFLW	21773	50711	4716	8605	62																			24397	15736	65879	2805	8313	62																			48036	7842	5983	20215	81466	62																			66561	72096	10620	11559	82653	61																			8245	53582	17105	5700	89127	108																			9575	32179	3019	55622	93126	60																			15405	OVRFLW	4417	39741	95100	58																			2052	OVRFLW	6463	25787	OVRFLW	62																			5760	76072	92537	OVRFLW	OVRFLW	64																			9482	OVRFLW	OVRFLW	90922	62	90																			OVRFLW	OVRFLW	OVRFLW	71865	62	62																		
5:55:33	37.0	OVRFLW	OVRFLW	OVRFLW	OVRFLW	OVRFLW	65																			OVRFLW	OVRFLW	95550	OVRFLW	OVRFLW	71																			OVRFLW	13990	OVRFLW	OVRFLW	OVRFLW	64																			75528	5161	OVRFLW	OVRFLW	9299	60																			88376	3882	32535	7014	8256	63																			OVRFLW	21803	50735	4723	8577	62																			24444	15751	65918	2816	8277	62																			47987	7840	6002	20224	81046	62																			66492	71993	10633	11556	82496	60																			8252	53564	17099	5708	88818	111																			9577	32147	3029	55569	92861	59																			15439	OVRFLW	4433	39748	95048	61																			2048	OVRFLW	6480	25809	99971	60																			5772	76076	92526	OVRFLW	OVRFLW	65																			9504	OVRFLW	OVRFLW	90785	62	92																			OVRFLW	OVRFLW	OVRFLW	71698	64	61																		
6:00:33	37.0	OVRFLW	OVRFLW	OVRFLW	OVRFLW	OVRFLW	65																			OVRFLW	OVRFLW	95450	OVRFLW	OVRFLW	71																			OVRFLW	14002	OVRFLW	OVRFLW	OVRFLW	63																			75581	5174	OVRFLW	OVRFLW	9235	62																			88268	3895	32560	7023	8214	62																			OVRFLW	21810	50633	4737	8523	63																			24424	15754	65813	2820	8222	59																			47935	7861	5998	20270	80622	61																			66516	71913	10645	11580	82269	60																			8258	53555	17070	5715	88432	111																			9593	32142	3033	55592	92652	60																			15456	OVRFLW	4440	39775	94707	59																			2056	OVRFLW	6497	25794	99907	61																			5767	75997	92529	OVRFLW	OVRFLW	65																			9521	OVRFLW	OVRFLW	90708	62	91																			OVRFLW	OVRFLW	OVRFLW	71733	65	61																		

PURE:GFP-G70

Time	T° GFP-G70:485/20,528/20	A1	A2	A3	A4	A5	A6	A7	A8	A9	A10	A11	A12	A13	A14	A15	A16	A17	A18	A19	A20	A21	A22	A23	A24	B1	B2	B3	B4	B5	B6	B7	B8	B9	B10	B11	B12	B13	B14	B15	B16	B17	B18	B19	B20	B21	B22	B23	B24	C1	C2	C3	C4	C5	C6	C7	C8	C9	C10	C11	C12	C13	C14	C15	C16	C17	C18	C19	C20	C21	C22	C23	C24	D1	D2	D3	D4	D5	D6	D7	D8	D9	D10	D11	D12	D13	D14	D15	D16	D17	D18	D19	D20	D21	D22	D23	D24	E1	E2	E3	E4	E5	E6	E7	E8	E9	E10	E11	E12	E13	E14	E15	E16	E17	E18	E19	E20	E21	E22	E23	E24	F1	F2	F3	F4	F5	F6	F7	F8	F9	F10	F11	F12	F13	F14	F15	F16	F17	F18	F19	F20	F21	F22	F23	F24	G1	G2	G3	G4	G5	G6	G7	G8	G9	G10	G11	G12	G13	G14	G15	G16	G17	G18	G19	G20	G21	G22	G23	G24	H1	H2	H3	H4	H5	H6	H7	H8	H9	H10	H11	H12	H13	H14	H15	H16	H17	H18	H19	H20	H21	H22	H23	H24	I1	I2	I3	I4	I5	I6	I7	I8	I9	I10	I11	I12	I13	I14	I15	I16	I17	I18	I19	I20	I21	I22	I23	I24	J1	J2	J3	J4	J5	J6	J7	J8	J9	J10	J11	J12	J13	J14	J15	J16	J17	J18	J19	J20	J21	J22	J23	J24	K1	K2	K3	K4	K5	K6	K7	K8	K9	K10	K11	K12	K13	K14	K15	K16	K17	K18	K19	K20	K21	K22	K23	K24	L1	L2	L3	L4	L5	L6	L7	L8	L9	L10	L11	L12	L13	L14	L15	L16	L17	L18	L19	L20	L21	L22	L23	L24	M1	M2	M3	M4	M5	M6	M7	M8	M9	M10	M11	M12	M13	M14	M15	M16	M17	M18	M19	M20	M21	M22	M23	M24	N1	N2	N3	N4	N5	N6	N7	N8	N9	N10	N11	N12	N13	N14	N15	N16	N17	N18	N19	N20	N21	N22	N23	N24	O1	O2	O3	O4	O5	O6	O7	O8	O9	O10	O11	O12	O13	O14	O15	O16	O17	O18	O19	O20	O21	O22	O23	O24	P1	P2	P3	P4	P5	P6	P7	P8	P9	P10	P11	P12	P13	P14	P15	P16	P17	P18	P19	P20	P21	P22	P23	P24
0:01:06	37.0	1311	1411	1417	1121	1094	767																			1322	1273	1307	1135	1094	869																			1526	2160	1428	1297	1431	795																			1658	3834	2018	1175	OVRFLW	768																			1887	1516	1441	1195	OVRFLW	779																			1323	1266	1355	1137	OVRFLW	752																			1227	1334	1308	1090	OVRFLW	759																			1388	1173	1086	1248	OVRFLW	763																			1447	1482	1403	1234	OVRFLW	757																			1296	1710	1726	1258	OVRFLW	1342																			1153	1307	1099	1184	OVRFLW	743																			1394	1375	1125	1141	OVRFLW	743																			1258	1382	1160	1104	OVRFLW	768																			1332	1230	1070	1148	OVRFLW	805																			1399	1345	1146	1209	764	1083																			1295	1320	1275	1130	803	784																		
0:06:06	37.0	1430	1465	1467	1262	1214	771																			1336	1363	1343	1206	1197	858																			1559	1941	1432	1309	1522	771																			1589	2981	1779	1221	OVRFLW	754																			1758	1441	1358	1185	OVRFLW	758																			1371	1266	1352	1124	OVRFLW	743																			1265	1352	1309	1079	OVRFLW	744																			1426	1180	1091	1235	OVRFLW	739																			1452	1507	1301	1203	OVRFLW	734																			1310	1625	1524	1167	OVRFLW	1326																			1183	1317	1100	1173	OVRFLW	722																			1413	1408	1121	1143	OVRFLW	723																			1278	1421	1162	1098	OVRFLW	752																			1333	1271	1107	1174	OVRFLW	791																			1429	1416	1188	1226	753	1061																			1403	1447	1360	1168	798	775																		
0:11:06	37.0	1861	1822	1823	1830	1824	774																			1625	1835	1514	1694	1727	842																			1980	2077	1636	1782	1984	773																			1746	2846	1896	1693	OVRFLW	746																			1920	1470	1442	1215	OVRFLW	740																			1594	1345	1469	1151	OVRFLW	732																			1416	1455	1440	1110	OVRFLW	737																			1623	1284	1165	1294	OVRFLW	744																			1613	1650	1346	1253	OVRFLW	727																			1397	1722	1536	1187	OVRFLW	1314																			1265	1455	1138	1252	OVRFLW	726																			1538	1599	1168	1229	OVRFLW	723																			1368	1620	1219	1173	OVRFLW	736																			1428	1483	1305	1323	OVRFLW	780																			1544	1892	1466	1374	742	1045																			1850	1940	1753	1325	781	764																		
0:16:06	37.0	4017	3677	4070	4236	4409	765																			3288	3951	2142	3764	3955	833																			4643	2379	2318	3788	3947	769																			2351	2827	2618	3681	OVRFLW	745																			2596	1564	1628	1313	OVRFLW	750																			2597	1532	1713	1241	OVRFLW	733																			1657	1633	1731	1171	OVRFLW	725																			1975	1425	1272	1428	OVRFLW	732																			2001	2041	1442	1367	OVRFLW	729																			1557	1994	1630	1257	OVRFLW	1291																			1429	1700	1208	1449	OVRFLW	723																			1774	2478	1263	1399	OVRFLW	712																			1505	2367	1324	1346	OVRFLW	741																			1580	2107	2248	1952	OVRFLW	778																			1745	4795	3092	1952	749	1035																			4246	4823	4466	1916	778	760																		
0:21:06	37.0	14334	14261	16555	14293	14852	778																			12340	13629	5494	12351	13287	828																			18392	2799	6038	12281	12226	754																			5228	2892	7096	12082	OVRFLW	742																			6074	1690	2097	1450	OVRFLW	750																			8105	1868	2392	1366	OVRFLW	727																			2286	1953	2632	1259	OVRFLW	730																			3026	1648	1438	1683	OVRFLW	726																			3302	3332	1625	1547	OVRFLW	721																			1813	2836	1872	1381	OVRFLW	1292																			1667	2342	1321	2117	OVRFLW	710																			2122	7356	1372	1955	OVRFLW	717																			1666	6377	1462	1765	OVRFLW	744																			1772	5029	7549	5591	OVRFLW	769																			1989	19553	12007	5042	741	1046																			15522	19022	18366	4893	771	745																		
0:26:06	37.0	42386	46031	53026	39843	40696	778																			38576	39919	17510	34894	37283	834																			55684	3472	19586	34766	34198	763																			14785	3049	23710	34727	OVRFLW	741																			17942	1850	3563	1633	OVRFLW	739																			26428	2660	4582	1501	OVRFLW	731																			3887	2626	5760	1371	OVRFLW	729																			6143	2027	1695	2257	OVRFLW	723																			7543	7791	2013	1939	OVRFLW	719																			2256	5650	2398	1633	OVRFLW	1293																			2136	4176	1453	4427	OVRFLW	706																			2863	24592	1535	3708	OVRFLW	707																			1863	20630	1662	3021	OVRFLW	734																			2029	15027	24162	18807	OVRFLW	768																			2398	59217	38155	16208	747	1025																			44924	56863	54839	14869	768	748																		
0:31:06	37.0	89377	OVRFLW	OVRFLW	80067	80542	773																			84328	85146	44937	71517	75891	826																			OVRFLW	4609	50558	71794	70527	753																			36033	3290	60772	72289	OVRFLW	738																			43846	2104	7061	1958	OVRFLW	741																			64855	4439	10192	1724	OVRFLW	729																			7298	3979	13865	1516	OVRFLW	725																			13288	2737	2146	3581	OVRFLW	717																			17633	18803	2786	2740	OVRFLW	717																			3022	12586	3602	2026	OVRFLW	1281																			2982	8433	1617	10675	OVRFLW	713																			4255	61837	1762	8180	OVRFLW	699																			2110	52656	2002	5908	OVRFLW	728																			2422	37351	55630	48457	OVRFLW	773																			3085	OVRFLW	84169	41234	743	1027																			92671	OVRFLW	OVRFLW	36255	769	745																		
0:36:06	36.9	OVRFLW	OVRFLW	OVRFLW	OVRFLW	OVRFLW	775																			OVRFLW	OVRFLW	89202	OVRFLW	OVRFLW	821																			OVRFLW	6410	OVRFLW	OVRFLW	OVRFLW	757																			70418	3703	OVRFLW	OVRFLW	OVRFLW	742																			85046	2427	13504	2533	OVRFLW	740																			OVRFLW	7753	21095	2078	OVRFLW	735																			13006	6380	29468	1725	OVRFLW	742																			25977	3915	2877	6170	OVRFLW	723																			35961	39297	4150	4194	OVRFLW	731																			4297	25536	5851	2695	OVRFLW	1281																			4436	15922	1885	22966	OVRFLW	715																			6641	OVRFLW	2134	16589	OVRFLW	717																			2413	OVRFLW	2569	11163	OVRFLW	732																			3001	73354	98130	94832	OVRFLW	767																			4164	OVRFLW	OVRFLW	81514	733	1041																			OVRFLW	OVRFLW	OVRFLW	70059	764	741																		
0:41:06	37.0	OVRFLW	OVRFLW	OVRFLW	OVRFLW	OVRFLW	768																			OVRFLW	OVRFLW	OVRFLW	OVRFLW	OVRFLW	827																			OVRFLW	9029	OVRFLW	OVRFLW	OVRFLW	757																			OVRFLW	4335	OVRFLW	OVRFLW	OVRFLW	750																			OVRFLW	2906	23321	3390	OVRFLW	737																			OVRFLW	12945	37995	2622	OVRFLW	719																			21136	9991	53826	2010	OVRFLW	723																			44383	5523	3942	10411	OVRFLW	713																			62909	69795	6218	6442	OVRFLW	713																			6021	45092	9406	3646	OVRFLW	1277																			6537	27150	2227	42617	OVRFLW	705																			10146	OVRFLW	2684	29565	OVRFLW	699																			2801	OVRFLW	3392	18972	OVRFLW	722																			3860	OVRFLW	OVRFLW	OVRFLW	OVRFLW	761																			5843	OVRFLW	OVRFLW	OVRFLW	733	1038																			OVRFLW	OVRFLW	OVRFLW	OVRFLW	763	738																		
0:46:06	37.0	OVRFLW	OVRFLW	OVRFLW	OVRFLW	OVRFLW	773																			OVRFLW	OVRFLW	OVRFLW	OVRFLW	OVRFLW	826																			OVRFLW	12714	OVRFLW	OVRFLW	OVRFLW	747																			OVRFLW	5182	OVRFLW	OVRFLW	OVRFLW	730																			OVRFLW	3544	36341	4657	OVRFLW	739																			OVRFLW	19929	60835	3360	OVRFLW	717																			31343	14642	85906	2428	OVRFLW	721																			67859	7608	5305	16362	OVRFLW	721																			96988	OVRFLW	8935	9483	OVRFLW	720																			8183	70578	14254	4887	OVRFLW	1291																			9313	41336	2697	68412	OVRFLW	705																			14747	OVRFLW	3452	46852	OVRFLW	699																			3298	OVRFLW	4587	29209	OVRFLW	711																			5020	OVRFLW	OVRFLW	OVRFLW	OVRFLW	768																			8103	OVRFLW	OVRFLW	OVRFLW	730	1045																			OVRFLW	OVRFLW	OVRFLW	OVRFLW	767	736																		
0:51:06	37.0	OVRFLW	OVRFLW	OVRFLW	OVRFLW	OVRFLW	771																			OVRFLW	OVRFLW	OVRFLW	OVRFLW	OVRFLW	820																			OVRFLW	17265	OVRFLW	OVRFLW	OVRFLW	754																			OVRFLW	6301	OVRFLW	OVRFLW	OVRFLW	730																			OVRFLW	4325	51891	6285	OVRFLW	744																			OVRFLW	28382	87562	4335	OVRFLW	722																			42994	20109	OVRFLW	2897	OVRFLW	713																			94604	9992	6905	23793	OVRFLW	714																			OVRFLW	OVRFLW	12231	13109	OVRFLW	715																			10671	OVRFLW	20128	6387	OVRFLW	1283																			12562	58121	3279	99017	OVRFLW	702																			20219	OVRFLW	4407	67239	OVRFLW	697																			3870	OVRFLW	6171	41265	OVRFLW	716																			6451	OVRFLW	OVRFLW	OVRFLW	OVRFLW	760																			10877	OVRFLW	OVRFLW	OVRFLW	724	1033																			OVRFLW	OVRFLW	OVRFLW	OVRFLW	754	729																		
0:56:06	37.0	OVRFLW	OVRFLW	OVRFLW	OVRFLW	OVRFLW	773																			OVRFLW	OVRFLW	OVRFLW	OVRFLW	OVRFLW	823																			OVRFLW	22673	OVRFLW	OVRFLW	OVRFLW	742																			OVRFLW	7637	OVRFLW	OVRFLW	OVRFLW	728																			OVRFLW	5236	69241	8255	OVRFLW	729																			OVRFLW	37938	OVRFLW	5501	OVRFLW	722																			55668	26239	OVRFLW	3533	OVRFLW	717																			OVRFLW	12634	8676	32326	OVRFLW	714																			OVRFLW	OVRFLW	15931	17312	OVRFLW	716																			13402	OVRFLW	26896	8067	OVRFLW	1275																			16163	76332	3957	OVRFLW	OVRFLW	699																			26479	OVRFLW	5543	89613	OVRFLW	697																			4512	OVRFLW	8036	54846	OVRFLW	715																			8189	OVRFLW	OVRFLW	OVRFLW	OVRFLW	756																			14190	OVRFLW	OVRFLW	OVRFLW	736	1033																			OVRFLW	OVRFLW	OVRFLW	OVRFLW	747	730																		
1:01:06	37.0	OVRFLW	OVRFLW	OVRFLW	OVRFLW	OVRFLW	769																			OVRFLW	OVRFLW	OVRFLW	OVRFLW	OVRFLW	823																			OVRFLW	28772	OVRFLW	OVRFLW	OVRFLW	743																			OVRFLW	9132	OVRFLW	OVRFLW	OVRFLW	733																			OVRFLW	6285	87461	10468	OVRFLW	730																			OVRFLW	48422	OVRFLW	6850	OVRFLW	715																			68903	32833	OVRFLW	4188	OVRFLW	716																			OVRFLW	15486	10621	41701	OVRFLW	709																			OVRFLW	OVRFLW	20007	21786	OVRFLW	709																			16306	OVRFLW	34200	9909	OVRFLW	1277																			19986	95034	4759	OVRFLW	OVRFLW	708																			33115	OVRFLW	6816	OVRFLW	OVRFLW	696																			5232	OVRFLW	10151	69020	OVRFLW	714																			10074	OVRFLW	OVRFLW	OVRFLW	OVRFLW	760																			17833	OVRFLW	OVRFLW	OVRFLW	722	1037																			OVRFLW	OVRFLW	OVRFLW	OVRFLW	746	718																		
1:06:06	37.0	OVRFLW	OVRFLW	OVRFLW	OVRFLW	OVRFLW	774																			OVRFLW	OVRFLW	OVRFLW	OVRFLW	OVRFLW	814																			OVRFLW	35161	OVRFLW	OVRFLW	OVRFLW	744																			OVRFLW	10765	OVRFLW	OVRFLW	OVRFLW	719																			OVRFLW	7399	OVRFLW	12858	OVRFLW	734																			OVRFLW	58996	OVRFLW	8342	OVRFLW	710																			81976	39666	OVRFLW	4957	OVRFLW	714																			OVRFLW	18361	12601	51522	OVRFLW	718																			OVRFLW	OVRFLW	24149	26571	OVRFLW	714																			19286	OVRFLW	41985	11855	OVRFLW	1279																			23961	OVRFLW	5600	OVRFLW	OVRFLW	694																			39948	OVRFLW	8205	OVRFLW	OVRFLW	706																			5932	OVRFLW	12461	83112	OVRFLW	711																			12100	OVRFLW	OVRFLW	OVRFLW	OVRFLW	755																			21652	OVRFLW	OVRFLW	OVRFLW	725	1025																			OVRFLW	OVRFLW	OVRFLW	OVRFLW	735	725																		
1:11:06	37.0	OVRFLW	OVRFLW	OVRFLW	OVRFLW	OVRFLW	761																			OVRFLW	OVRFLW	OVRFLW	OVRFLW	OVRFLW	818																			OVRFLW	41933	OVRFLW	OVRFLW	OVRFLW	738																			OVRFLW	12471	OVRFLW	OVRFLW	OVRFLW	722																			OVRFLW	8613	OVRFLW	15411	OVRFLW	727																			OVRFLW	69892	OVRFLW	9897	OVRFLW	720																			94840	46756	OVRFLW	5772	OVRFLW	711																			OVRFLW	21356	14730	61584	OVRFLW	706																			OVRFLW	OVRFLW	28586	31487	OVRFLW	712																			22408	OVRFLW	50029	13892	OVRFLW	1268																			28038	OVRFLW	6516	OVRFLW	OVRFLW	699																			47031	OVRFLW	9736	OVRFLW	OVRFLW	703																			6714	OVRFLW	14921	96897	OVRFLW	709																			14168	OVRFLW	OVRFLW	OVRFLW	OVRFLW	755																			25668	OVRFLW	OVRFLW	OVRFLW	732	1040																			OVRFLW	OVRFLW	OVRFLW	OVRFLW	743	713																		
1:16:06	37.0	OVRFLW	OVRFLW	OVRFLW	OVRFLW	OVRFLW	767																			OVRFLW	OVRFLW	OVRFLW	OVRFLW	OVRFLW	824																			OVRFLW	48612	OVRFLW	OVRFLW	OVRFLW	740																			OVRFLW	14291	OVRFLW	OVRFLW	OVRFLW	727																			OVRFLW	9834	OVRFLW	18115	OVRFLW	729																			OVRFLW	80757	OVRFLW	11498	OVRFLW	712																			OVRFLW	53490	OVRFLW	6605	OVRFLW	702																			OVRFLW	24454	16883	71437	OVRFLW	707																			OVRFLW	OVRFLW	33023	36493	OVRFLW	707																			25515	OVRFLW	57786	15896	OVRFLW	1273																			32049	OVRFLW	7472	OVRFLW	OVRFLW	709																			54168	OVRFLW	11219	OVRFLW	OVRFLW	691																			7455	OVRFLW	17409	OVRFLW	OVRFLW	704																			16287	OVRFLW	OVRFLW	OVRFLW	OVRFLW	751																			29563	OVRFLW	OVRFLW	OVRFLW	716	1031																			OVRFLW	OVRFLW	OVRFLW	OVRFLW	750	717																		
1:21:06	37.0	OVRFLW	OVRFLW	OVRFLW	OVRFLW	OVRFLW	769																			OVRFLW	OVRFLW	OVRFLW	OVRFLW	OVRFLW	814																			OVRFLW	55326	OVRFLW	OVRFLW	OVRFLW	738																			OVRFLW	16103	OVRFLW	OVRFLW	OVRFLW	719																			OVRFLW	11085	OVRFLW	20714	OVRFLW	731																			OVRFLW	90843	OVRFLW	13149	OVRFLW	718																			OVRFLW	60633	OVRFLW	7457	OVRFLW	709																			OVRFLW	27468	19094	81074	OVRFLW	712																			OVRFLW	OVRFLW	37459	41399	OVRFLW	714																			28700	OVRFLW	65689	18036	OVRFLW	1276																			35999	OVRFLW	8357	OVRFLW	OVRFLW	692																			61075	OVRFLW	12808	OVRFLW	OVRFLW	695																			8164	OVRFLW	19961	OVRFLW	OVRFLW	709																			18367	OVRFLW	OVRFLW	OVRFLW	OVRFLW	757																			33477	OVRFLW	OVRFLW	OVRFLW	723	1023																			OVRFLW	OVRFLW	OVRFLW	OVRFLW	737	722																		
1:26:06	37.0	OVRFLW	OVRFLW	OVRFLW	OVRFLW	OVRFLW	758																			OVRFLW	OVRFLW	OVRFLW	OVRFLW	OVRFLW	816																			OVRFLW	61560	OVRFLW	OVRFLW	OVRFLW	734																			OVRFLW	17888	OVRFLW	OVRFLW	OVRFLW	715																			OVRFLW	12348	OVRFLW	23316	OVRFLW	727																			OVRFLW	OVRFLW	OVRFLW	14812	OVRFLW	715																			OVRFLW	67172	OVRFLW	8337	OVRFLW	708																			OVRFLW	30447	21193	90244	OVRFLW	702																			OVRFLW	OVRFLW	41770	46172	OVRFLW	708																			31770	OVRFLW	73194	20026	OVRFLW	1258																			39859	OVRFLW	9332	OVRFLW	OVRFLW	687																			67683	OVRFLW	14370	OVRFLW	OVRFLW	688																			8889	OVRFLW	22413	OVRFLW	OVRFLW	712																			20560	OVRFLW	OVRFLW	OVRFLW	OVRFLW	749																			37284	OVRFLW	OVRFLW	OVRFLW	717	1028																			OVRFLW	OVRFLW	OVRFLW	OVRFLW	734	723																		
1:31:06	37.0	OVRFLW	OVRFLW	OVRFLW	OVRFLW	OVRFLW	758																			OVRFLW	OVRFLW	OVRFLW	OVRFLW	OVRFLW	805																			OVRFLW	67737	OVRFLW	OVRFLW	OVRFLW	739																			OVRFLW	19646	OVRFLW	OVRFLW	OVRFLW	718																			OVRFLW	13623	OVRFLW	25876	OVRFLW	730																			OVRFLW	OVRFLW	OVRFLW	16385	OVRFLW	709																			OVRFLW	73608	OVRFLW	9172	OVRFLW	703																			OVRFLW	33403	23309	98927	OVRFLW	701																			OVRFLW	OVRFLW	45955	50825	OVRFLW	695																			34681	OVRFLW	80351	22148	OVRFLW	1268																			43495	OVRFLW	10307	OVRFLW	OVRFLW	701																			74090	OVRFLW	15842	OVRFLW	OVRFLW	686																			9598	OVRFLW	24913	OVRFLW	OVRFLW	702																			22603	OVRFLW	OVRFLW	OVRFLW	OVRFLW	747																			40936	OVRFLW	OVRFLW	OVRFLW	715	1022																			OVRFLW	OVRFLW	OVRFLW	OVRFLW	733	713																		
1:36:06	37.0	OVRFLW	OVRFLW	OVRFLW	OVRFLW	OVRFLW	737																			OVRFLW	OVRFLW	OVRFLW	OVRFLW	OVRFLW	808																			OVRFLW	73331	OVRFLW	OVRFLW	OVRFLW	737																			OVRFLW	21382	OVRFLW	OVRFLW	OVRFLW	721																			OVRFLW	14857	OVRFLW	28380	OVRFLW	728																			OVRFLW	OVRFLW	OVRFLW	17960	OVRFLW	699																			OVRFLW	79656	OVRFLW	10054	OVRFLW	703																			OVRFLW	36314	25409	OVRFLW	OVRFLW	706																			OVRFLW	OVRFLW	50114	55404	OVRFLW	706																			37649	OVRFLW	86861	24134	OVRFLW	1256																			47136	OVRFLW	11270	OVRFLW	OVRFLW	697																			79846	OVRFLW	17394	OVRFLW	OVRFLW	689																			10268	OVRFLW	27213	OVRFLW	OVRFLW	702																			24557	OVRFLW	OVRFLW	OVRFLW	OVRFLW	751																			44580	OVRFLW	OVRFLW	OVRFLW	710	1025																			OVRFLW	OVRFLW	OVRFLW	OVRFLW	738	714																		
1:41:06	37.0	OVRFLW	OVRFLW	OVRFLW	OVRFLW	OVRFLW	759																			OVRFLW	OVRFLW	OVRFLW	OVRFLW	OVRFLW	818																			OVRFLW	78644	OVRFLW	OVRFLW	OVRFLW	733																			OVRFLW	23104	OVRFLW	OVRFLW	OVRFLW	715																			OVRFLW	16052	OVRFLW	30888	OVRFLW	717																			OVRFLW	OVRFLW	OVRFLW	19522	OVRFLW	709																			OVRFLW	85270	OVRFLW	10901	OVRFLW	698																			OVRFLW	38969	27418	OVRFLW	OVRFLW	707																			OVRFLW	OVRFLW	53835	59665	OVRFLW	691																			40443	OVRFLW	93072	26059	OVRFLW	1257																			50397	OVRFLW	12186	OVRFLW	OVRFLW	677																			85476	OVRFLW	18790	OVRFLW	OVRFLW	692																			10946	OVRFLW	29550	OVRFLW	OVRFLW	704																			26533	OVRFLW	OVRFLW	OVRFLW	OVRFLW	749																			47997	OVRFLW	OVRFLW	OVRFLW	716	1022																			OVRFLW	OVRFLW	OVRFLW	OVRFLW	731	710																		
1:46:06	37.0	OVRFLW	OVRFLW	OVRFLW	OVRFLW	OVRFLW	739																			OVRFLW	OVRFLW	OVRFLW	OVRFLW	OVRFLW	810																			OVRFLW	83805	OVRFLW	OVRFLW	OVRFLW	737																			OVRFLW	24727	OVRFLW	OVRFLW	OVRFLW	712																			OVRFLW	17298	OVRFLW	33302	OVRFLW	721																			OVRFLW	OVRFLW	OVRFLW	21160	OVRFLW	705																			OVRFLW	90665	OVRFLW	11752	OVRFLW	696																			OVRFLW	41751	29369	OVRFLW	OVRFLW	711																			OVRFLW	OVRFLW	57536	63784	OVRFLW	696																			43193	OVRFLW	99473	27997	OVRFLW	1262																			53773	OVRFLW	13063	OVRFLW	OVRFLW	685																			90941	OVRFLW	20345	OVRFLW	OVRFLW	692																			11578	OVRFLW	31806	OVRFLW	OVRFLW	702																			28418	OVRFLW	OVRFLW	OVRFLW	OVRFLW	746																			51248	OVRFLW	OVRFLW	OVRFLW	717	1025																			OVRFLW	OVRFLW	OVRFLW	OVRFLW	732	708																		
1:51:06	37.0	OVRFLW	OVRFLW	OVRFLW	OVRFLW	OVRFLW	756																			OVRFLW	OVRFLW	OVRFLW	OVRFLW	OVRFLW	803																			OVRFLW	88486	OVRFLW	OVRFLW	OVRFLW	731																			OVRFLW	26420	OVRFLW	OVRFLW	OVRFLW	717																			OVRFLW	18448	OVRFLW	35658	OVRFLW	719																			OVRFLW	OVRFLW	OVRFLW	22571	OVRFLW	707																			OVRFLW	95812	OVRFLW	12650	OVRFLW	709																			OVRFLW	44119	31349	OVRFLW	OVRFLW	697																			OVRFLW	OVRFLW	61049	67513	OVRFLW	700																			45876	OVRFLW	OVRFLW	29887	OVRFLW	1268																			56895	OVRFLW	14002	OVRFLW	OVRFLW	691																			96102	OVRFLW	21711	OVRFLW	OVRFLW	686																			12225	OVRFLW	33978	OVRFLW	OVRFLW	694																			30239	OVRFLW	OVRFLW	OVRFLW	OVRFLW	736																			54502	OVRFLW	OVRFLW	OVRFLW	711	1022																			OVRFLW	OVRFLW	OVRFLW	OVRFLW	733	706																		
1:56:06	37.0	OVRFLW	OVRFLW	OVRFLW	OVRFLW	OVRFLW	750																			OVRFLW	OVRFLW	OVRFLW	OVRFLW	OVRFLW	808																			OVRFLW	92865	OVRFLW	OVRFLW	OVRFLW	738																			OVRFLW	27980	OVRFLW	OVRFLW	OVRFLW	712																			OVRFLW	19581	OVRFLW	37916	OVRFLW	728																			OVRFLW	OVRFLW	OVRFLW	24074	OVRFLW	703																			OVRFLW	OVRFLW	OVRFLW	13414	OVRFLW	702																			OVRFLW	46552	33106	OVRFLW	OVRFLW	699																			OVRFLW	OVRFLW	64389	71177	OVRFLW	696																			48433	OVRFLW	OVRFLW	31602	OVRFLW	1265																			59792	OVRFLW	14865	OVRFLW	OVRFLW	686																			OVRFLW	OVRFLW	23024	OVRFLW	OVRFLW	694																			12769	OVRFLW	36099	OVRFLW	OVRFLW	694																			32048	OVRFLW	OVRFLW	OVRFLW	OVRFLW	741																			57358	OVRFLW	OVRFLW	OVRFLW	723	1021																			OVRFLW	OVRFLW	OVRFLW	OVRFLW	727	718																		
2:01:06	36.9	OVRFLW	OVRFLW	OVRFLW	OVRFLW	OVRFLW	756																			OVRFLW	OVRFLW	OVRFLW	OVRFLW	OVRFLW	808																			OVRFLW	96988	OVRFLW	OVRFLW	OVRFLW	731																			OVRFLW	29405	OVRFLW	OVRFLW	OVRFLW	710																			OVRFLW	20747	OVRFLW	40002	OVRFLW	716																			OVRFLW	OVRFLW	OVRFLW	25448	OVRFLW	704																			OVRFLW	OVRFLW	OVRFLW	14252	OVRFLW	700																			OVRFLW	48826	34880	OVRFLW	OVRFLW	687																			OVRFLW	OVRFLW	67508	74571	OVRFLW	691																			50709	OVRFLW	OVRFLW	33249	OVRFLW	1264																			62347	OVRFLW	15724	OVRFLW	OVRFLW	684																			OVRFLW	OVRFLW	24339	OVRFLW	OVRFLW	681																			13378	OVRFLW	38011	OVRFLW	OVRFLW	699																			33726	OVRFLW	OVRFLW	OVRFLW	OVRFLW	742																			60185	OVRFLW	OVRFLW	OVRFLW	709	1031																			OVRFLW	OVRFLW	OVRFLW	OVRFLW	737	712																		
2:06:06	37.0	OVRFLW	OVRFLW	OVRFLW	OVRFLW	OVRFLW	755																			OVRFLW	OVRFLW	OVRFLW	OVRFLW	OVRFLW	802																			OVRFLW	OVRFLW	OVRFLW	OVRFLW	OVRFLW	724																			OVRFLW	30891	OVRFLW	OVRFLW	OVRFLW	710																			OVRFLW	21816	OVRFLW	41971	OVRFLW	714																			OVRFLW	OVRFLW	OVRFLW	26839	OVRFLW	699																			OVRFLW	OVRFLW	OVRFLW	15060	OVRFLW	694																			OVRFLW	50959	36585	OVRFLW	OVRFLW	696																			OVRFLW	OVRFLW	70343	77693	OVRFLW	695																			53007	OVRFLW	OVRFLW	34873	OVRFLW	1257																			64962	OVRFLW	16596	OVRFLW	OVRFLW	690																			OVRFLW	OVRFLW	25600	OVRFLW	OVRFLW	682																			13819	OVRFLW	39875	OVRFLW	OVRFLW	695																			35288	OVRFLW	OVRFLW	OVRFLW	OVRFLW	742																			62855	OVRFLW	OVRFLW	OVRFLW	721	1020																			OVRFLW	OVRFLW	OVRFLW	OVRFLW	727	700																		
2:11:06	37.0	OVRFLW	OVRFLW	OVRFLW	OVRFLW	OVRFLW	751																			OVRFLW	OVRFLW	OVRFLW	OVRFLW	OVRFLW	804																			OVRFLW	OVRFLW	OVRFLW	OVRFLW	OVRFLW	723																			OVRFLW	32239	OVRFLW	OVRFLW	OVRFLW	713																			OVRFLW	22757	OVRFLW	43841	OVRFLW	717																			OVRFLW	OVRFLW	OVRFLW	28061	OVRFLW	700																			OVRFLW	OVRFLW	OVRFLW	15755	OVRFLW	703																			OVRFLW	52896	38048	OVRFLW	OVRFLW	705																			OVRFLW	OVRFLW	73089	80704	OVRFLW	698																			55083	OVRFLW	OVRFLW	36379	OVRFLW	1256																			67220	OVRFLW	17341	OVRFLW	OVRFLW	685																			OVRFLW	OVRFLW	26708	OVRFLW	OVRFLW	690																			14315	OVRFLW	41582	OVRFLW	OVRFLW	700																			36825	OVRFLW	OVRFLW	OVRFLW	OVRFLW	746																			65095	OVRFLW	OVRFLW	OVRFLW	719	1021																			OVRFLW	OVRFLW	OVRFLW	OVRFLW	722	699																		
2:16:06	37.0	OVRFLW	OVRFLW	OVRFLW	OVRFLW	OVRFLW	749																			OVRFLW	OVRFLW	OVRFLW	OVRFLW	OVRFLW	807																			OVRFLW	OVRFLW	OVRFLW	OVRFLW	OVRFLW	732																			OVRFLW	33572	OVRFLW	OVRFLW	OVRFLW	711																			OVRFLW	23804	OVRFLW	45637	OVRFLW	716																			OVRFLW	OVRFLW	OVRFLW	29335	OVRFLW	704																			OVRFLW	OVRFLW	OVRFLW	16458	OVRFLW	705																			OVRFLW	54846	39569	OVRFLW	OVRFLW	694																			OVRFLW	OVRFLW	75677	83483	OVRFLW	699																			57108	OVRFLW	OVRFLW	37779	OVRFLW	1253																			69541	OVRFLW	18139	OVRFLW	OVRFLW	684																			OVRFLW	OVRFLW	27936	OVRFLW	OVRFLW	682																			14838	OVRFLW	43307	OVRFLW	OVRFLW	699																			38253	OVRFLW	OVRFLW	OVRFLW	OVRFLW	739																			67678	OVRFLW	OVRFLW	OVRFLW	721	1029																			OVRFLW	OVRFLW	OVRFLW	OVRFLW	726	704																		
2:21:06	37.0	OVRFLW	OVRFLW	OVRFLW	OVRFLW	OVRFLW	743																			OVRFLW	OVRFLW	OVRFLW	OVRFLW	OVRFLW	802																			OVRFLW	OVRFLW	OVRFLW	OVRFLW	OVRFLW	723																			OVRFLW	34841	OVRFLW	OVRFLW	OVRFLW	710																			OVRFLW	24776	OVRFLW	47547	OVRFLW	723																			OVRFLW	OVRFLW	OVRFLW	30543	OVRFLW	697																			OVRFLW	OVRFLW	OVRFLW	17173	OVRFLW	702																			OVRFLW	56729	41052	OVRFLW	OVRFLW	698																			OVRFLW	OVRFLW	78114	86132	OVRFLW	696																			58989	OVRFLW	OVRFLW	39254	OVRFLW	1261																			71641	OVRFLW	18850	OVRFLW	OVRFLW	685																			OVRFLW	OVRFLW	29124	OVRFLW	OVRFLW	680																			15278	OVRFLW	44825	OVRFLW	OVRFLW	695																			39722	OVRFLW	OVRFLW	OVRFLW	OVRFLW	748																			69735	OVRFLW	OVRFLW	OVRFLW	710	1027																			OVRFLW	OVRFLW	OVRFLW	OVRFLW	730	700																		
2:26:06	37.0	OVRFLW	OVRFLW	OVRFLW	OVRFLW	OVRFLW	741																			OVRFLW	OVRFLW	OVRFLW	OVRFLW	OVRFLW	810																			OVRFLW	OVRFLW	OVRFLW	OVRFLW	OVRFLW	732																			OVRFLW	35989	OVRFLW	OVRFLW	OVRFLW	707																			OVRFLW	25749	OVRFLW	49115	OVRFLW	709																			OVRFLW	OVRFLW	OVRFLW	31661	OVRFLW	692																			OVRFLW	OVRFLW	OVRFLW	17837	OVRFLW	699																			OVRFLW	58414	42407	OVRFLW	OVRFLW	696																			OVRFLW	OVRFLW	80381	88579	OVRFLW	695																			60886	OVRFLW	OVRFLW	40515	OVRFLW	1256																			73597	OVRFLW	19645	OVRFLW	OVRFLW	689																			OVRFLW	OVRFLW	30055	OVRFLW	OVRFLW	679																			15649	OVRFLW	46336	OVRFLW	OVRFLW	697																			40976	OVRFLW	OVRFLW	OVRFLW	OVRFLW	747																			71796	OVRFLW	OVRFLW	OVRFLW	708	1018																			OVRFLW	OVRFLW	OVRFLW	OVRFLW	725	704																		
2:31:06	37.0	OVRFLW	OVRFLW	OVRFLW	OVRFLW	OVRFLW	736																			OVRFLW	OVRFLW	OVRFLW	OVRFLW	OVRFLW	798																			OVRFLW	OVRFLW	OVRFLW	OVRFLW	OVRFLW	715																			OVRFLW	37182	OVRFLW	OVRFLW	OVRFLW	706																			OVRFLW	26610	OVRFLW	50599	OVRFLW	716																			OVRFLW	OVRFLW	OVRFLW	32788	OVRFLW	694																			OVRFLW	OVRFLW	OVRFLW	18501	OVRFLW	699																			OVRFLW	60023	43718	OVRFLW	OVRFLW	699																			OVRFLW	OVRFLW	82669	90857	OVRFLW	696																			62562	OVRFLW	OVRFLW	41720	OVRFLW	1254																			75422	OVRFLW	20267	OVRFLW	OVRFLW	677																			OVRFLW	OVRFLW	31102	OVRFLW	OVRFLW	678																			16118	OVRFLW	47841	OVRFLW	OVRFLW	701																			42247	OVRFLW	OVRFLW	OVRFLW	OVRFLW	740																			73867	OVRFLW	OVRFLW	OVRFLW	705	1016																			OVRFLW	OVRFLW	OVRFLW	OVRFLW	727	694																		
2:36:06	37.0	OVRFLW	OVRFLW	OVRFLW	OVRFLW	OVRFLW	745																			OVRFLW	OVRFLW	OVRFLW	OVRFLW	OVRFLW	785																			OVRFLW	OVRFLW	OVRFLW	OVRFLW	OVRFLW	728																			OVRFLW	38148	OVRFLW	OVRFLW	OVRFLW	700																			OVRFLW	27430	OVRFLW	52242	OVRFLW	710																			OVRFLW	OVRFLW	OVRFLW	33771	OVRFLW	690																			OVRFLW	OVRFLW	OVRFLW	19131	OVRFLW	696																			OVRFLW	61631	44989	OVRFLW	OVRFLW	696																			OVRFLW	OVRFLW	84522	93178	OVRFLW	694																			64222	OVRFLW	OVRFLW	42934	OVRFLW	1257																			77311	OVRFLW	20973	OVRFLW	OVRFLW	681																			OVRFLW	OVRFLW	32090	OVRFLW	OVRFLW	677																			16492	OVRFLW	49279	OVRFLW	OVRFLW	691																			43487	OVRFLW	OVRFLW	OVRFLW	OVRFLW	737																			75607	OVRFLW	OVRFLW	OVRFLW	706	1029																			OVRFLW	OVRFLW	OVRFLW	OVRFLW	716	701																		
2:41:06	37.0	OVRFLW	OVRFLW	OVRFLW	OVRFLW	OVRFLW	738																			OVRFLW	OVRFLW	OVRFLW	OVRFLW	OVRFLW	788																			OVRFLW	OVRFLW	OVRFLW	OVRFLW	OVRFLW	729																			OVRFLW	39222	OVRFLW	OVRFLW	OVRFLW	702																			OVRFLW	28260	OVRFLW	53643	OVRFLW	713																			OVRFLW	OVRFLW	OVRFLW	34752	OVRFLW	696																			OVRFLW	OVRFLW	OVRFLW	19743	OVRFLW	690																			OVRFLW	63132	46101	OVRFLW	OVRFLW	693																			OVRFLW	OVRFLW	86509	95124	OVRFLW	696																			65806	OVRFLW	OVRFLW	44153	OVRFLW	1247																			79131	OVRFLW	21583	OVRFLW	OVRFLW	672																			OVRFLW	OVRFLW	32996	OVRFLW	OVRFLW	677																			16878	OVRFLW	50484	OVRFLW	OVRFLW	694																			44613	OVRFLW	OVRFLW	OVRFLW	OVRFLW	736																			77407	OVRFLW	OVRFLW	OVRFLW	705	1023																			OVRFLW	OVRFLW	OVRFLW	OVRFLW	729	701																		
2:46:06	37.0	OVRFLW	OVRFLW	OVRFLW	OVRFLW	OVRFLW	734																			OVRFLW	OVRFLW	OVRFLW	OVRFLW	OVRFLW	802																			OVRFLW	OVRFLW	OVRFLW	OVRFLW	OVRFLW	724																			OVRFLW	40309	OVRFLW	OVRFLW	OVRFLW	708																			OVRFLW	29095	OVRFLW	55015	OVRFLW	709																			OVRFLW	OVRFLW	OVRFLW	35774	OVRFLW	702																			OVRFLW	OVRFLW	OVRFLW	20352	OVRFLW	693																			OVRFLW	64623	47333	OVRFLW	OVRFLW	689																			OVRFLW	OVRFLW	88743	97266	OVRFLW	683																			67374	OVRFLW	OVRFLW	45223	OVRFLW	1234																			80769	OVRFLW	22174	OVRFLW	OVRFLW	677																			OVRFLW	OVRFLW	33860	OVRFLW	OVRFLW	682																			17233	OVRFLW	51723	OVRFLW	OVRFLW	693																			45688	OVRFLW	OVRFLW	OVRFLW	OVRFLW	736																			79311	OVRFLW	OVRFLW	OVRFLW	708	1024																			OVRFLW	OVRFLW	OVRFLW	OVRFLW	716	707																		
2:51:06	37.0	OVRFLW	OVRFLW	OVRFLW	OVRFLW	OVRFLW	739																			OVRFLW	OVRFLW	OVRFLW	OVRFLW	OVRFLW	793																			OVRFLW	OVRFLW	OVRFLW	OVRFLW	OVRFLW	723																			OVRFLW	41344	OVRFLW	OVRFLW	OVRFLW	706																			OVRFLW	29838	OVRFLW	56274	OVRFLW	708																			OVRFLW	OVRFLW	OVRFLW	36703	OVRFLW	703																			OVRFLW	OVRFLW	OVRFLW	20926	OVRFLW	692																			OVRFLW	65920	48319	OVRFLW	OVRFLW	687																			OVRFLW	OVRFLW	90276	99115	OVRFLW	703																			68842	OVRFLW	OVRFLW	46198	OVRFLW	1248																			82214	OVRFLW	22838	OVRFLW	OVRFLW	677																			OVRFLW	OVRFLW	34739	OVRFLW	OVRFLW	678																			17598	OVRFLW	52884	OVRFLW	OVRFLW	683																			46698	OVRFLW	OVRFLW	OVRFLW	OVRFLW	731																			80797	OVRFLW	OVRFLW	OVRFLW	703	1017																			OVRFLW	OVRFLW	OVRFLW	OVRFLW	723	694																		
2:56:06	37.0	OVRFLW	OVRFLW	OVRFLW	OVRFLW	OVRFLW	736																			OVRFLW	OVRFLW	OVRFLW	OVRFLW	OVRFLW	801																			OVRFLW	OVRFLW	OVRFLW	OVRFLW	OVRFLW	729																			OVRFLW	42127	OVRFLW	OVRFLW	OVRFLW	707																			OVRFLW	30640	OVRFLW	57556	OVRFLW	716																			OVRFLW	OVRFLW	OVRFLW	37571	OVRFLW	689																			OVRFLW	OVRFLW	OVRFLW	21379	OVRFLW	688																			OVRFLW	67219	49601	OVRFLW	OVRFLW	699																			OVRFLW	OVRFLW	92002	OVRFLW	OVRFLW	688																			70356	OVRFLW	OVRFLW	47283	OVRFLW	1245																			83596	OVRFLW	23419	OVRFLW	OVRFLW	673																			OVRFLW	OVRFLW	35536	OVRFLW	OVRFLW	673																			17844	OVRFLW	53945	OVRFLW	OVRFLW	690																			47689	OVRFLW	OVRFLW	OVRFLW	OVRFLW	734																			82258	OVRFLW	OVRFLW	OVRFLW	705	1025																			OVRFLW	OVRFLW	OVRFLW	OVRFLW	718	692																		
3:01:06	37.0	OVRFLW	OVRFLW	OVRFLW	OVRFLW	OVRFLW	740																			OVRFLW	OVRFLW	OVRFLW	OVRFLW	OVRFLW	799																			OVRFLW	OVRFLW	OVRFLW	OVRFLW	OVRFLW	727																			OVRFLW	43087	OVRFLW	OVRFLW	OVRFLW	703																			OVRFLW	31325	OVRFLW	58801	OVRFLW	694																			OVRFLW	OVRFLW	OVRFLW	38397	OVRFLW	698																			OVRFLW	OVRFLW	OVRFLW	22003	OVRFLW	697																			OVRFLW	68526	50441	OVRFLW	OVRFLW	695																			OVRFLW	OVRFLW	93628	OVRFLW	OVRFLW	686																			71492	OVRFLW	OVRFLW	48348	OVRFLW	1235																			85180	OVRFLW	23958	OVRFLW	OVRFLW	674																			OVRFLW	OVRFLW	36331	OVRFLW	OVRFLW	676																			18208	OVRFLW	55022	OVRFLW	OVRFLW	696																			48734	OVRFLW	OVRFLW	OVRFLW	OVRFLW	737																			83633	OVRFLW	OVRFLW	OVRFLW	697	1018																			OVRFLW	OVRFLW	OVRFLW	OVRFLW	717	703																		
3:06:06	37.0	OVRFLW	OVRFLW	OVRFLW	OVRFLW	OVRFLW	737																			OVRFLW	OVRFLW	OVRFLW	OVRFLW	OVRFLW	796																			OVRFLW	OVRFLW	OVRFLW	OVRFLW	OVRFLW	722																			OVRFLW	43861	OVRFLW	OVRFLW	OVRFLW	705																			OVRFLW	31985	OVRFLW	59914	OVRFLW	705																			OVRFLW	OVRFLW	OVRFLW	39102	OVRFLW	697																			OVRFLW	OVRFLW	OVRFLW	22461	OVRFLW	692																			OVRFLW	69698	51495	OVRFLW	OVRFLW	684																			OVRFLW	OVRFLW	95289	OVRFLW	OVRFLW	693																			72861	OVRFLW	OVRFLW	49205	OVRFLW	1244																			86356	OVRFLW	24471	OVRFLW	OVRFLW	679																			OVRFLW	OVRFLW	37018	OVRFLW	OVRFLW	677																			18479	OVRFLW	56086	OVRFLW	OVRFLW	691																			49690	OVRFLW	OVRFLW	OVRFLW	OVRFLW	734																			85033	OVRFLW	OVRFLW	OVRFLW	710	1020																			OVRFLW	OVRFLW	OVRFLW	OVRFLW	721	696																		
3:11:06	37.0	OVRFLW	OVRFLW	OVRFLW	OVRFLW	OVRFLW	733																			OVRFLW	OVRFLW	OVRFLW	OVRFLW	OVRFLW	797																			OVRFLW	OVRFLW	OVRFLW	OVRFLW	OVRFLW	728																			OVRFLW	44683	OVRFLW	OVRFLW	OVRFLW	704																			OVRFLW	32562	OVRFLW	60692	OVRFLW	705																			OVRFLW	OVRFLW	OVRFLW	39925	OVRFLW	696																			OVRFLW	OVRFLW	OVRFLW	22903	OVRFLW	689																			OVRFLW	70544	52310	OVRFLW	OVRFLW	689																			OVRFLW	OVRFLW	96725	OVRFLW	OVRFLW	685																			73985	OVRFLW	OVRFLW	50102	OVRFLW	1238																			87421	OVRFLW	24998	OVRFLW	OVRFLW	675																			OVRFLW	OVRFLW	37790	OVRFLW	OVRFLW	672																			18751	OVRFLW	56920	OVRFLW	OVRFLW	687																			50457	OVRFLW	OVRFLW	OVRFLW	OVRFLW	729																			86191	OVRFLW	OVRFLW	OVRFLW	695	1028																			OVRFLW	OVRFLW	OVRFLW	OVRFLW	725	689																		
3:16:06	37.0	OVRFLW	OVRFLW	OVRFLW	OVRFLW	OVRFLW	744																			OVRFLW	OVRFLW	OVRFLW	OVRFLW	OVRFLW	788																			OVRFLW	OVRFLW	OVRFLW	OVRFLW	OVRFLW	720																			OVRFLW	45437	OVRFLW	OVRFLW	OVRFLW	699																			OVRFLW	33215	OVRFLW	61889	OVRFLW	703																			OVRFLW	OVRFLW	OVRFLW	40699	OVRFLW	700																			OVRFLW	OVRFLW	OVRFLW	23412	OVRFLW	688																			OVRFLW	71829	53317	OVRFLW	OVRFLW	678																			OVRFLW	OVRFLW	98054	OVRFLW	OVRFLW	687																			75116	OVRFLW	OVRFLW	50920	OVRFLW	1246																			88853	OVRFLW	25470	OVRFLW	OVRFLW	676																			OVRFLW	OVRFLW	38477	OVRFLW	OVRFLW	668																			19009	OVRFLW	57925	OVRFLW	OVRFLW	681																			51293	OVRFLW	OVRFLW	OVRFLW	OVRFLW	734																			87603	OVRFLW	OVRFLW	OVRFLW	706	1019																			OVRFLW	OVRFLW	OVRFLW	OVRFLW	716	695																		
3:21:06	37.0	OVRFLW	OVRFLW	OVRFLW	OVRFLW	OVRFLW	738																			OVRFLW	OVRFLW	OVRFLW	OVRFLW	OVRFLW	797																			OVRFLW	OVRFLW	OVRFLW	OVRFLW	OVRFLW	720																			OVRFLW	46197	OVRFLW	OVRFLW	OVRFLW	716																			OVRFLW	33785	OVRFLW	62846	OVRFLW	702																			OVRFLW	OVRFLW	OVRFLW	41314	OVRFLW	692																			OVRFLW	OVRFLW	OVRFLW	23881	OVRFLW	696																			OVRFLW	72795	54133	OVRFLW	OVRFLW	688																			OVRFLW	OVRFLW	99282	OVRFLW	OVRFLW	679																			76228	OVRFLW	OVRFLW	51658	OVRFLW	1244																			89834	OVRFLW	25922	OVRFLW	OVRFLW	663																			OVRFLW	OVRFLW	39051	OVRFLW	OVRFLW	669																			19244	OVRFLW	58668	OVRFLW	OVRFLW	693																			52094	OVRFLW	OVRFLW	OVRFLW	OVRFLW	739																			88543	OVRFLW	OVRFLW	OVRFLW	701	1026																			OVRFLW	OVRFLW	OVRFLW	OVRFLW	723	691																		
3:26:06	37.0	OVRFLW	OVRFLW	OVRFLW	OVRFLW	OVRFLW	737																			OVRFLW	OVRFLW	OVRFLW	OVRFLW	OVRFLW	803																			OVRFLW	OVRFLW	OVRFLW	OVRFLW	OVRFLW	709																			OVRFLW	46879	OVRFLW	OVRFLW	OVRFLW	700																			OVRFLW	34371	OVRFLW	63818	OVRFLW	709																			OVRFLW	OVRFLW	OVRFLW	41997	OVRFLW	695																			OVRFLW	OVRFLW	OVRFLW	24330	OVRFLW	688																			OVRFLW	73692	54762	OVRFLW	OVRFLW	688																			OVRFLW	OVRFLW	OVRFLW	OVRFLW	OVRFLW	688																			77212	OVRFLW	OVRFLW	52496	OVRFLW	1244																			91126	OVRFLW	26413	OVRFLW	OVRFLW	671																			OVRFLW	OVRFLW	39686	OVRFLW	OVRFLW	674																			19592	OVRFLW	59623	OVRFLW	OVRFLW	697																			52832	OVRFLW	OVRFLW	OVRFLW	OVRFLW	724																			89629	OVRFLW	OVRFLW	OVRFLW	701	1024																			OVRFLW	OVRFLW	OVRFLW	OVRFLW	728	700																		
3:31:06	37.0	OVRFLW	OVRFLW	OVRFLW	OVRFLW	OVRFLW	732																			OVRFLW	OVRFLW	OVRFLW	OVRFLW	OVRFLW	791																			OVRFLW	OVRFLW	OVRFLW	OVRFLW	OVRFLW	720																			OVRFLW	47577	OVRFLW	OVRFLW	OVRFLW	708																			OVRFLW	34952	OVRFLW	64610	OVRFLW	697																			OVRFLW	OVRFLW	OVRFLW	42637	OVRFLW	696																			OVRFLW	OVRFLW	OVRFLW	24730	OVRFLW	684																			OVRFLW	74688	55679	OVRFLW	OVRFLW	697																			OVRFLW	OVRFLW	OVRFLW	OVRFLW	OVRFLW	694																			78117	OVRFLW	OVRFLW	53223	OVRFLW	1234																			91994	OVRFLW	26886	OVRFLW	OVRFLW	674																			OVRFLW	OVRFLW	40346	OVRFLW	OVRFLW	671																			19790	OVRFLW	60501	OVRFLW	OVRFLW	688																			53611	OVRFLW	OVRFLW	OVRFLW	OVRFLW	740																			90503	OVRFLW	OVRFLW	OVRFLW	697	1020																			OVRFLW	OVRFLW	OVRFLW	OVRFLW	714	697																		
3:36:06	37.0	OVRFLW	OVRFLW	OVRFLW	OVRFLW	OVRFLW	733																			OVRFLW	OVRFLW	OVRFLW	OVRFLW	OVRFLW	803																			OVRFLW	OVRFLW	OVRFLW	OVRFLW	OVRFLW	715																			OVRFLW	48158	OVRFLW	OVRFLW	OVRFLW	708																			OVRFLW	35493	OVRFLW	65423	OVRFLW	707																			OVRFLW	OVRFLW	OVRFLW	43373	OVRFLW	680																			OVRFLW	OVRFLW	OVRFLW	25095	OVRFLW	696																			OVRFLW	75499	56330	OVRFLW	OVRFLW	685																			OVRFLW	OVRFLW	OVRFLW	OVRFLW	OVRFLW	692																			79283	OVRFLW	OVRFLW	53899	OVRFLW	1229																			93040	OVRFLW	27241	OVRFLW	OVRFLW	678																			OVRFLW	OVRFLW	40896	OVRFLW	OVRFLW	665																			19940	OVRFLW	61107	OVRFLW	OVRFLW	692																			54336	OVRFLW	OVRFLW	OVRFLW	OVRFLW	736																			91698	OVRFLW	OVRFLW	OVRFLW	693	1022																			OVRFLW	OVRFLW	OVRFLW	OVRFLW	715	700																		
3:41:06	37.0	OVRFLW	OVRFLW	OVRFLW	OVRFLW	OVRFLW	737																			OVRFLW	OVRFLW	OVRFLW	OVRFLW	OVRFLW	795																			OVRFLW	OVRFLW	OVRFLW	OVRFLW	OVRFLW	722																			OVRFLW	48804	OVRFLW	OVRFLW	OVRFLW	691																			OVRFLW	35898	OVRFLW	66294	OVRFLW	705																			OVRFLW	OVRFLW	OVRFLW	43852	OVRFLW	686																			OVRFLW	OVRFLW	OVRFLW	25490	OVRFLW	682																			OVRFLW	76334	57051	OVRFLW	OVRFLW	689																			OVRFLW	OVRFLW	OVRFLW	OVRFLW	OVRFLW	681																			79897	OVRFLW	OVRFLW	54471	OVRFLW	1229																			93739	OVRFLW	27674	OVRFLW	OVRFLW	683																			OVRFLW	OVRFLW	41377	OVRFLW	OVRFLW	668																			20178	OVRFLW	61868	OVRFLW	OVRFLW	692																			54890	OVRFLW	OVRFLW	OVRFLW	OVRFLW	723																			92575	OVRFLW	OVRFLW	OVRFLW	699	1031																			OVRFLW	OVRFLW	OVRFLW	OVRFLW	722	704																		
3:46:06	37.0	OVRFLW	OVRFLW	OVRFLW	OVRFLW	OVRFLW	733																			OVRFLW	OVRFLW	OVRFLW	OVRFLW	OVRFLW	788																			OVRFLW	OVRFLW	OVRFLW	OVRFLW	OVRFLW	711																			OVRFLW	49397	OVRFLW	OVRFLW	OVRFLW	702																			OVRFLW	36354	OVRFLW	66960	OVRFLW	709																			OVRFLW	OVRFLW	OVRFLW	44306	OVRFLW	690																			OVRFLW	OVRFLW	OVRFLW	25858	OVRFLW	691																			OVRFLW	77070	57827	OVRFLW	OVRFLW	683																			OVRFLW	OVRFLW	OVRFLW	OVRFLW	OVRFLW	695																			80678	OVRFLW	OVRFLW	55119	OVRFLW	1233																			94766	OVRFLW	28011	OVRFLW	OVRFLW	668																			OVRFLW	OVRFLW	41971	OVRFLW	OVRFLW	664																			20367	OVRFLW	62511	OVRFLW	OVRFLW	694																			55480	OVRFLW	OVRFLW	OVRFLW	OVRFLW	725																			93164	OVRFLW	OVRFLW	OVRFLW	698	1018																			OVRFLW	OVRFLW	OVRFLW	OVRFLW	721	691																		
3:51:06	37.0	OVRFLW	OVRFLW	OVRFLW	OVRFLW	OVRFLW	731																			OVRFLW	OVRFLW	OVRFLW	OVRFLW	OVRFLW	799																			OVRFLW	OVRFLW	OVRFLW	OVRFLW	OVRFLW	711																			OVRFLW	49892	OVRFLW	OVRFLW	OVRFLW	699																			OVRFLW	36881	OVRFLW	67555	OVRFLW	706																			OVRFLW	OVRFLW	OVRFLW	44884	OVRFLW	691																			OVRFLW	OVRFLW	OVRFLW	26232	OVRFLW	680																			OVRFLW	77672	58249	OVRFLW	OVRFLW	679																			OVRFLW	OVRFLW	OVRFLW	OVRFLW	OVRFLW	679																			81384	OVRFLW	OVRFLW	55631	OVRFLW	1227																			95230	OVRFLW	28372	OVRFLW	OVRFLW	675																			OVRFLW	OVRFLW	42438	OVRFLW	OVRFLW	672																			20536	OVRFLW	63029	OVRFLW	OVRFLW	686																			56070	OVRFLW	OVRFLW	OVRFLW	OVRFLW	725																			93872	OVRFLW	OVRFLW	OVRFLW	694	1021																			OVRFLW	OVRFLW	OVRFLW	OVRFLW	718	690																		
3:56:06	37.0	OVRFLW	OVRFLW	OVRFLW	OVRFLW	OVRFLW	727																			OVRFLW	OVRFLW	OVRFLW	OVRFLW	OVRFLW	785																			OVRFLW	OVRFLW	OVRFLW	OVRFLW	OVRFLW	715																			OVRFLW	50312	OVRFLW	OVRFLW	OVRFLW	701																			OVRFLW	37231	OVRFLW	68297	OVRFLW	699																			OVRFLW	OVRFLW	OVRFLW	45277	OVRFLW	695																			OVRFLW	OVRFLW	OVRFLW	26514	OVRFLW	686																			OVRFLW	78272	58763	OVRFLW	OVRFLW	673																			OVRFLW	OVRFLW	OVRFLW	OVRFLW	OVRFLW	679																			81999	OVRFLW	OVRFLW	56052	OVRFLW	1234																			95906	OVRFLW	28682	OVRFLW	OVRFLW	678																			OVRFLW	OVRFLW	42787	OVRFLW	OVRFLW	668																			20736	OVRFLW	63608	OVRFLW	OVRFLW	687																			56474	OVRFLW	OVRFLW	OVRFLW	OVRFLW	726																			94794	OVRFLW	OVRFLW	OVRFLW	690	1018																			OVRFLW	OVRFLW	OVRFLW	OVRFLW	713	693																		
4:01:06	37.0	OVRFLW	OVRFLW	OVRFLW	OVRFLW	OVRFLW	736																			OVRFLW	OVRFLW	OVRFLW	OVRFLW	OVRFLW	794																			OVRFLW	OVRFLW	OVRFLW	OVRFLW	OVRFLW	715																			OVRFLW	50759	OVRFLW	OVRFLW	OVRFLW	701																			OVRFLW	37546	OVRFLW	68885	OVRFLW	704																			OVRFLW	OVRFLW	OVRFLW	45814	OVRFLW	680																			OVRFLW	OVRFLW	OVRFLW	26806	OVRFLW	681																			OVRFLW	78848	59279	OVRFLW	OVRFLW	683																			OVRFLW	OVRFLW	OVRFLW	OVRFLW	OVRFLW	679																			82581	OVRFLW	OVRFLW	56523	OVRFLW	1221																			96525	OVRFLW	28973	OVRFLW	OVRFLW	662																			OVRFLW	OVRFLW	43232	OVRFLW	OVRFLW	669																			20883	OVRFLW	64098	OVRFLW	OVRFLW	684																			57021	OVRFLW	OVRFLW	OVRFLW	OVRFLW	719																			95391	OVRFLW	OVRFLW	OVRFLW	698	1020																			OVRFLW	OVRFLW	OVRFLW	OVRFLW	713	693																		
4:06:06	37.0	OVRFLW	OVRFLW	OVRFLW	OVRFLW	OVRFLW	775																			OVRFLW	OVRFLW	OVRFLW	OVRFLW	OVRFLW	836																			OVRFLW	OVRFLW	OVRFLW	OVRFLW	OVRFLW	763																			OVRFLW	54439	OVRFLW	OVRFLW	OVRFLW	742																			OVRFLW	40405	OVRFLW	73772	OVRFLW	745																			OVRFLW	OVRFLW	OVRFLW	49175	OVRFLW	721																			OVRFLW	OVRFLW	OVRFLW	28766	OVRFLW	731																			OVRFLW	84464	63679	OVRFLW	OVRFLW	725																			OVRFLW	OVRFLW	OVRFLW	OVRFLW	OVRFLW	728																			88521	OVRFLW	OVRFLW	60716	OVRFLW	1308																			OVRFLW	OVRFLW	31211	OVRFLW	OVRFLW	716																			OVRFLW	OVRFLW	46403	OVRFLW	OVRFLW	708																			22330	OVRFLW	68736	OVRFLW	OVRFLW	727																			61128	OVRFLW	OVRFLW	OVRFLW	OVRFLW	761																			OVRFLW	OVRFLW	OVRFLW	OVRFLW	746	1069																			OVRFLW	OVRFLW	OVRFLW	OVRFLW	755	731																		
4:11:06	37.0	OVRFLW	OVRFLW	OVRFLW	OVRFLW	OVRFLW	783																			OVRFLW	OVRFLW	OVRFLW	OVRFLW	OVRFLW	855																			OVRFLW	OVRFLW	OVRFLW	OVRFLW	OVRFLW	752																			OVRFLW	54795	OVRFLW	OVRFLW	OVRFLW	744																			OVRFLW	40952	OVRFLW	74502	OVRFLW	752																			OVRFLW	OVRFLW	OVRFLW	49779	OVRFLW	733																			OVRFLW	OVRFLW	OVRFLW	29134	OVRFLW	727																			OVRFLW	85075	63986	OVRFLW	OVRFLW	715																			OVRFLW	OVRFLW	OVRFLW	OVRFLW	OVRFLW	731																			89163	OVRFLW	OVRFLW	61160	OVRFLW	1296																			OVRFLW	OVRFLW	31527	OVRFLW	OVRFLW	721																			OVRFLW	OVRFLW	46799	OVRFLW	OVRFLW	711																			22551	OVRFLW	69159	OVRFLW	OVRFLW	725																			61688	OVRFLW	OVRFLW	OVRFLW	OVRFLW	763																			OVRFLW	OVRFLW	OVRFLW	OVRFLW	740	1083																			OVRFLW	OVRFLW	OVRFLW	OVRFLW	763	727																		
4:16:06	37.0	OVRFLW	OVRFLW	OVRFLW	OVRFLW	OVRFLW	778																			OVRFLW	OVRFLW	OVRFLW	OVRFLW	OVRFLW	834																			OVRFLW	OVRFLW	OVRFLW	OVRFLW	OVRFLW	760																			OVRFLW	55315	OVRFLW	OVRFLW	OVRFLW	745																			OVRFLW	41285	OVRFLW	75033	OVRFLW	739																			OVRFLW	OVRFLW	OVRFLW	50096	OVRFLW	725																			OVRFLW	OVRFLW	OVRFLW	29501	OVRFLW	726																			OVRFLW	85564	64589	OVRFLW	OVRFLW	722																			OVRFLW	OVRFLW	OVRFLW	OVRFLW	OVRFLW	718																			89745	OVRFLW	OVRFLW	61714	OVRFLW	1298																			OVRFLW	OVRFLW	31861	OVRFLW	OVRFLW	709																			OVRFLW	OVRFLW	47308	OVRFLW	OVRFLW	699																			22620	OVRFLW	69853	OVRFLW	OVRFLW	727																			62100	OVRFLW	OVRFLW	OVRFLW	OVRFLW	772																			OVRFLW	OVRFLW	OVRFLW	OVRFLW	744	1074																			OVRFLW	OVRFLW	OVRFLW	OVRFLW	754	728																		
4:21:06	37.0	OVRFLW	OVRFLW	OVRFLW	OVRFLW	OVRFLW	767																			OVRFLW	OVRFLW	OVRFLW	OVRFLW	OVRFLW	839																			OVRFLW	OVRFLW	OVRFLW	OVRFLW	OVRFLW	757																			OVRFLW	55803	OVRFLW	OVRFLW	OVRFLW	731																			OVRFLW	41484	OVRFLW	75444	OVRFLW	745																			OVRFLW	OVRFLW	OVRFLW	50703	OVRFLW	731																			OVRFLW	OVRFLW	OVRFLW	29689	OVRFLW	732																			OVRFLW	86074	64960	OVRFLW	OVRFLW	729																			OVRFLW	OVRFLW	OVRFLW	OVRFLW	OVRFLW	727																			90240	OVRFLW	OVRFLW	62183	OVRFLW	1307																			OVRFLW	OVRFLW	32248	OVRFLW	OVRFLW	701																			OVRFLW	OVRFLW	47597	OVRFLW	OVRFLW	708																			22731	OVRFLW	70409	OVRFLW	OVRFLW	730																			62610	OVRFLW	OVRFLW	OVRFLW	OVRFLW	777																			OVRFLW	OVRFLW	OVRFLW	OVRFLW	739	1078																			OVRFLW	OVRFLW	OVRFLW	OVRFLW	753	736																		
4:26:06	36.9	OVRFLW	OVRFLW	OVRFLW	OVRFLW	OVRFLW	775																			OVRFLW	OVRFLW	OVRFLW	OVRFLW	OVRFLW	831																			OVRFLW	OVRFLW	OVRFLW	OVRFLW	OVRFLW	759																			OVRFLW	56137	OVRFLW	OVRFLW	OVRFLW	731																			OVRFLW	41843	OVRFLW	76178	OVRFLW	741																			OVRFLW	OVRFLW	OVRFLW	50881	OVRFLW	726																			OVRFLW	OVRFLW	OVRFLW	29949	OVRFLW	725																			OVRFLW	86707	65361	OVRFLW	OVRFLW	721																			OVRFLW	OVRFLW	OVRFLW	OVRFLW	OVRFLW	727																			90876	OVRFLW	OVRFLW	62364	OVRFLW	1304																			OVRFLW	OVRFLW	32348	OVRFLW	OVRFLW	708																			OVRFLW	OVRFLW	47933	OVRFLW	OVRFLW	706																			22926	OVRFLW	70734	OVRFLW	OVRFLW	735																			63039	OVRFLW	OVRFLW	OVRFLW	OVRFLW	777																			OVRFLW	OVRFLW	OVRFLW	OVRFLW	738	1082																			OVRFLW	OVRFLW	OVRFLW	OVRFLW	756	725																		
4:31:06	37.0	OVRFLW	OVRFLW	OVRFLW	OVRFLW	OVRFLW	773																			OVRFLW	OVRFLW	OVRFLW	OVRFLW	OVRFLW	835																			OVRFLW	OVRFLW	OVRFLW	OVRFLW	OVRFLW	754																			OVRFLW	56511	OVRFLW	OVRFLW	OVRFLW	735																			OVRFLW	42089	OVRFLW	76633	OVRFLW	749																			OVRFLW	OVRFLW	OVRFLW	51186	OVRFLW	728																			OVRFLW	OVRFLW	OVRFLW	30172	OVRFLW	722																			OVRFLW	87065	65822	OVRFLW	OVRFLW	719																			OVRFLW	OVRFLW	OVRFLW	OVRFLW	OVRFLW	721																			91303	OVRFLW	OVRFLW	62822	OVRFLW	1317																			OVRFLW	OVRFLW	32571	OVRFLW	OVRFLW	707																			OVRFLW	OVRFLW	48231	OVRFLW	OVRFLW	707																			22977	OVRFLW	71167	OVRFLW	OVRFLW	720																			63320	OVRFLW	OVRFLW	OVRFLW	OVRFLW	767																			OVRFLW	OVRFLW	OVRFLW	OVRFLW	742	1083																			OVRFLW	OVRFLW	OVRFLW	OVRFLW	753	723																		
4:36:06	37.0	OVRFLW	OVRFLW	OVRFLW	OVRFLW	OVRFLW	776																			OVRFLW	OVRFLW	OVRFLW	OVRFLW	OVRFLW	842																			OVRFLW	OVRFLW	OVRFLW	OVRFLW	OVRFLW	746																			OVRFLW	56752	OVRFLW	OVRFLW	OVRFLW	733																			OVRFLW	42451	OVRFLW	77032	OVRFLW	740																			OVRFLW	OVRFLW	OVRFLW	51615	OVRFLW	730																			OVRFLW	OVRFLW	OVRFLW	30439	OVRFLW	727																			OVRFLW	87396	66087	OVRFLW	OVRFLW	716																			OVRFLW	OVRFLW	OVRFLW	OVRFLW	OVRFLW	723																			91625	OVRFLW	OVRFLW	63135	OVRFLW	1307																			OVRFLW	OVRFLW	32846	OVRFLW	OVRFLW	715																			OVRFLW	OVRFLW	48563	OVRFLW	OVRFLW	708																			23122	OVRFLW	71408	OVRFLW	OVRFLW	721																			63720	OVRFLW	OVRFLW	OVRFLW	OVRFLW	764																			OVRFLW	OVRFLW	OVRFLW	OVRFLW	736	1062																			OVRFLW	OVRFLW	OVRFLW	OVRFLW	755	731																		
4:41:06	36.9	OVRFLW	OVRFLW	OVRFLW	OVRFLW	OVRFLW	772																			OVRFLW	OVRFLW	OVRFLW	OVRFLW	OVRFLW	830																			OVRFLW	OVRFLW	OVRFLW	OVRFLW	OVRFLW	763																			OVRFLW	57123	OVRFLW	OVRFLW	OVRFLW	737																			OVRFLW	42651	OVRFLW	77363	OVRFLW	743																			OVRFLW	OVRFLW	OVRFLW	51922	OVRFLW	729																			OVRFLW	OVRFLW	OVRFLW	30702	OVRFLW	726																			OVRFLW	87655	66505	OVRFLW	OVRFLW	717																			OVRFLW	OVRFLW	OVRFLW	OVRFLW	OVRFLW	723																			92045	OVRFLW	OVRFLW	63453	OVRFLW	1290																			OVRFLW	OVRFLW	33076	OVRFLW	OVRFLW	706																			OVRFLW	OVRFLW	48889	OVRFLW	OVRFLW	713																			23233	OVRFLW	71933	OVRFLW	OVRFLW	722																			64055	OVRFLW	OVRFLW	OVRFLW	OVRFLW	761																			OVRFLW	OVRFLW	OVRFLW	OVRFLW	734	1076																			OVRFLW	OVRFLW	OVRFLW	OVRFLW	750	726																		
4:46:06	36.9	OVRFLW	OVRFLW	OVRFLW	OVRFLW	OVRFLW	768																			OVRFLW	OVRFLW	OVRFLW	OVRFLW	OVRFLW	839																			OVRFLW	OVRFLW	OVRFLW	OVRFLW	OVRFLW	757																			OVRFLW	57514	OVRFLW	OVRFLW	OVRFLW	736																			OVRFLW	42908	OVRFLW	77756	OVRFLW	747																			OVRFLW	OVRFLW	OVRFLW	52179	OVRFLW	722																			OVRFLW	OVRFLW	OVRFLW	30848	OVRFLW	715																			OVRFLW	87986	66633	OVRFLW	OVRFLW	712																			OVRFLW	OVRFLW	OVRFLW	OVRFLW	OVRFLW	726																			92483	OVRFLW	OVRFLW	63779	OVRFLW	1297																			OVRFLW	OVRFLW	33300	OVRFLW	OVRFLW	704																			OVRFLW	OVRFLW	49231	OVRFLW	OVRFLW	705																			23303	OVRFLW	72241	OVRFLW	OVRFLW	733																			64214	OVRFLW	OVRFLW	OVRFLW	OVRFLW	754																			OVRFLW	OVRFLW	OVRFLW	OVRFLW	739	1079																			OVRFLW	OVRFLW	OVRFLW	OVRFLW	749	728																		
4:51:06	37.0	OVRFLW	OVRFLW	OVRFLW	OVRFLW	OVRFLW	762																			OVRFLW	OVRFLW	OVRFLW	OVRFLW	OVRFLW	829																			OVRFLW	OVRFLW	OVRFLW	OVRFLW	OVRFLW	752																			OVRFLW	57714	OVRFLW	OVRFLW	OVRFLW	732																			OVRFLW	43260	OVRFLW	78212	OVRFLW	730																			OVRFLW	OVRFLW	OVRFLW	52320	OVRFLW	732																			OVRFLW	OVRFLW	OVRFLW	31031	OVRFLW	712																			OVRFLW	88224	67093	OVRFLW	OVRFLW	721																			OVRFLW	OVRFLW	OVRFLW	OVRFLW	OVRFLW	714																			92539	OVRFLW	OVRFLW	64050	OVRFLW	1307																			OVRFLW	OVRFLW	33466	OVRFLW	OVRFLW	702																			OVRFLW	OVRFLW	49370	OVRFLW	OVRFLW	693																			23346	OVRFLW	72531	OVRFLW	OVRFLW	719																			64624	OVRFLW	OVRFLW	OVRFLW	OVRFLW	766																			OVRFLW	OVRFLW	OVRFLW	OVRFLW	746	1081																			OVRFLW	OVRFLW	OVRFLW	OVRFLW	753	728																		
4:56:06	37.0	OVRFLW	OVRFLW	OVRFLW	OVRFLW	OVRFLW	765																			OVRFLW	OVRFLW	OVRFLW	OVRFLW	OVRFLW	829																			OVRFLW	OVRFLW	OVRFLW	OVRFLW	OVRFLW	754																			OVRFLW	58043	OVRFLW	OVRFLW	OVRFLW	727																			OVRFLW	43443	OVRFLW	78468	OVRFLW	728																			OVRFLW	OVRFLW	OVRFLW	52737	OVRFLW	730																			OVRFLW	OVRFLW	OVRFLW	31234	OVRFLW	715																			OVRFLW	88647	67401	OVRFLW	OVRFLW	722																			OVRFLW	OVRFLW	OVRFLW	OVRFLW	OVRFLW	713																			93160	OVRFLW	OVRFLW	64154	OVRFLW	1301																			OVRFLW	OVRFLW	33623	OVRFLW	OVRFLW	706																			OVRFLW	OVRFLW	49579	OVRFLW	OVRFLW	703																			23403	OVRFLW	72850	OVRFLW	OVRFLW	716																			64857	OVRFLW	OVRFLW	OVRFLW	OVRFLW	754																			OVRFLW	OVRFLW	OVRFLW	OVRFLW	734	1062																			OVRFLW	OVRFLW	OVRFLW	OVRFLW	756	723																		
5:01:06	37.0	OVRFLW	OVRFLW	OVRFLW	OVRFLW	OVRFLW	764																			OVRFLW	OVRFLW	OVRFLW	OVRFLW	OVRFLW	831																			OVRFLW	OVRFLW	OVRFLW	OVRFLW	OVRFLW	755																			OVRFLW	58179	OVRFLW	OVRFLW	OVRFLW	737																			OVRFLW	43603	OVRFLW	78847	OVRFLW	741																			OVRFLW	OVRFLW	OVRFLW	52942	OVRFLW	716																			OVRFLW	OVRFLW	OVRFLW	31376	OVRFLW	718																			OVRFLW	88938	67539	OVRFLW	OVRFLW	709																			OVRFLW	OVRFLW	OVRFLW	OVRFLW	OVRFLW	715																			93445	OVRFLW	OVRFLW	64477	OVRFLW	1290																			OVRFLW	OVRFLW	33833	OVRFLW	OVRFLW	698																			OVRFLW	OVRFLW	49982	OVRFLW	OVRFLW	699																			23539	OVRFLW	72984	OVRFLW	OVRFLW	710																			65121	OVRFLW	OVRFLW	OVRFLW	OVRFLW	757																			OVRFLW	OVRFLW	OVRFLW	OVRFLW	738	1071																			OVRFLW	OVRFLW	OVRFLW	OVRFLW	758	719																		
5:06:06	37.0	OVRFLW	OVRFLW	OVRFLW	OVRFLW	OVRFLW	768																			OVRFLW	OVRFLW	OVRFLW	OVRFLW	OVRFLW	835																			OVRFLW	OVRFLW	OVRFLW	OVRFLW	OVRFLW	755																			OVRFLW	58813	OVRFLW	OVRFLW	OVRFLW	739																			OVRFLW	44014	OVRFLW	79331	OVRFLW	746																			OVRFLW	OVRFLW	OVRFLW	53577	OVRFLW	726																			OVRFLW	OVRFLW	OVRFLW	31750	OVRFLW	725																			OVRFLW	89685	68163	OVRFLW	OVRFLW	716																			OVRFLW	OVRFLW	OVRFLW	OVRFLW	OVRFLW	719																			94011	OVRFLW	OVRFLW	65028	OVRFLW	1303																			OVRFLW	OVRFLW	34198	OVRFLW	OVRFLW	714																			OVRFLW	OVRFLW	50304	OVRFLW	OVRFLW	706																			23687	OVRFLW	73619	OVRFLW	OVRFLW	720																			65699	OVRFLW	OVRFLW	OVRFLW	OVRFLW	768																			OVRFLW	OVRFLW	OVRFLW	OVRFLW	737	1079																			OVRFLW	OVRFLW	OVRFLW	OVRFLW	744	723																		
5:11:06	37.0	OVRFLW	OVRFLW	OVRFLW	OVRFLW	OVRFLW	764																			OVRFLW	OVRFLW	OVRFLW	OVRFLW	OVRFLW	839																			OVRFLW	OVRFLW	OVRFLW	OVRFLW	OVRFLW	759																			OVRFLW	58988	OVRFLW	OVRFLW	OVRFLW	736																			OVRFLW	44255	OVRFLW	79850	OVRFLW	743																			OVRFLW	OVRFLW	OVRFLW	53818	OVRFLW	724																			OVRFLW	OVRFLW	OVRFLW	31951	OVRFLW	722																			OVRFLW	89990	68565	OVRFLW	OVRFLW	719																			OVRFLW	OVRFLW	OVRFLW	OVRFLW	OVRFLW	714																			94429	OVRFLW	OVRFLW	65210	OVRFLW	1307																			OVRFLW	OVRFLW	34355	OVRFLW	OVRFLW	701																			OVRFLW	OVRFLW	50494	OVRFLW	OVRFLW	706																			23769	OVRFLW	74122	OVRFLW	OVRFLW	720																			65933	OVRFLW	OVRFLW	OVRFLW	OVRFLW	772																			OVRFLW	OVRFLW	OVRFLW	OVRFLW	738	1073																			OVRFLW	OVRFLW	OVRFLW	OVRFLW	746	728																		
5:16:06	37.0	OVRFLW	OVRFLW	OVRFLW	OVRFLW	OVRFLW	768																			OVRFLW	OVRFLW	OVRFLW	OVRFLW	OVRFLW	831																			OVRFLW	OVRFLW	OVRFLW	OVRFLW	OVRFLW	760																			OVRFLW	59160	OVRFLW	OVRFLW	OVRFLW	735																			OVRFLW	44468	OVRFLW	80210	99736	738																			OVRFLW	OVRFLW	OVRFLW	54064	OVRFLW	730																			OVRFLW	OVRFLW	OVRFLW	32051	99716	713																			OVRFLW	90329	68731	OVRFLW	OVRFLW	723																			OVRFLW	OVRFLW	OVRFLW	OVRFLW	OVRFLW	716																			94756	OVRFLW	OVRFLW	65640	OVRFLW	1300																			OVRFLW	OVRFLW	34607	OVRFLW	OVRFLW	711																			OVRFLW	OVRFLW	50914	OVRFLW	OVRFLW	707																			23798	OVRFLW	74331	OVRFLW	OVRFLW	726																			66115	OVRFLW	OVRFLW	OVRFLW	OVRFLW	762																			OVRFLW	OVRFLW	OVRFLW	OVRFLW	736	1077																			OVRFLW	OVRFLW	OVRFLW	OVRFLW	754	724																		
5:21:06	37.0	OVRFLW	OVRFLW	OVRFLW	OVRFLW	OVRFLW	775																			OVRFLW	OVRFLW	OVRFLW	OVRFLW	OVRFLW	832																			OVRFLW	OVRFLW	OVRFLW	OVRFLW	OVRFLW	751																			OVRFLW	59395	OVRFLW	OVRFLW	OVRFLW	731																			OVRFLW	44612	OVRFLW	80511	99110	738																			OVRFLW	OVRFLW	OVRFLW	54218	OVRFLW	729																			OVRFLW	OVRFLW	OVRFLW	32296	99209	730																			OVRFLW	90441	69070	OVRFLW	OVRFLW	717																			OVRFLW	OVRFLW	OVRFLW	OVRFLW	OVRFLW	722																			94778	OVRFLW	OVRFLW	65773	OVRFLW	1303																			OVRFLW	OVRFLW	34769	OVRFLW	OVRFLW	710																			OVRFLW	OVRFLW	50929	OVRFLW	OVRFLW	702																			23929	OVRFLW	74590	OVRFLW	OVRFLW	722																			66431	OVRFLW	OVRFLW	OVRFLW	OVRFLW	763																			OVRFLW	OVRFLW	OVRFLW	OVRFLW	734	1073																			OVRFLW	OVRFLW	OVRFLW	OVRFLW	752	731																		
5:26:06	37.0	OVRFLW	OVRFLW	OVRFLW	OVRFLW	OVRFLW	769																			OVRFLW	OVRFLW	OVRFLW	OVRFLW	OVRFLW	840																			OVRFLW	OVRFLW	OVRFLW	OVRFLW	OVRFLW	757																			OVRFLW	59697	OVRFLW	OVRFLW	OVRFLW	743																			OVRFLW	44881	OVRFLW	80809	98871	741																			OVRFLW	OVRFLW	OVRFLW	54536	OVRFLW	733																			OVRFLW	OVRFLW	OVRFLW	32349	98877	723																			OVRFLW	90828	69344	OVRFLW	OVRFLW	718																			OVRFLW	OVRFLW	OVRFLW	OVRFLW	OVRFLW	728																			95323	OVRFLW	OVRFLW	66118	OVRFLW	1310																			OVRFLW	OVRFLW	35041	OVRFLW	OVRFLW	712																			OVRFLW	OVRFLW	51247	OVRFLW	OVRFLW	697																			23993	OVRFLW	75009	OVRFLW	OVRFLW	722																			66718	OVRFLW	OVRFLW	OVRFLW	OVRFLW	764																			OVRFLW	OVRFLW	OVRFLW	OVRFLW	739	1093																			OVRFLW	OVRFLW	OVRFLW	OVRFLW	749	730																		
5:31:06	37.0	OVRFLW	OVRFLW	OVRFLW	OVRFLW	OVRFLW	769																			OVRFLW	OVRFLW	OVRFLW	OVRFLW	OVRFLW	833																			OVRFLW	OVRFLW	OVRFLW	OVRFLW	OVRFLW	755																			OVRFLW	59859	OVRFLW	OVRFLW	OVRFLW	742																			OVRFLW	45122	OVRFLW	81189	98438	737																			OVRFLW	OVRFLW	OVRFLW	54717	OVRFLW	728																			OVRFLW	OVRFLW	OVRFLW	32573	98531	717																			OVRFLW	91098	69626	OVRFLW	OVRFLW	719																			OVRFLW	OVRFLW	OVRFLW	OVRFLW	OVRFLW	718																			95538	OVRFLW	OVRFLW	66221	OVRFLW	1301																			OVRFLW	OVRFLW	35071	OVRFLW	OVRFLW	708																			OVRFLW	OVRFLW	51603	OVRFLW	OVRFLW	712																			24009	OVRFLW	75243	OVRFLW	OVRFLW	726																			67045	OVRFLW	OVRFLW	OVRFLW	OVRFLW	760																			OVRFLW	OVRFLW	OVRFLW	OVRFLW	735	1081																			OVRFLW	OVRFLW	OVRFLW	OVRFLW	759	741																		
5:36:06	37.0	OVRFLW	OVRFLW	OVRFLW	OVRFLW	OVRFLW	764																			OVRFLW	OVRFLW	OVRFLW	OVRFLW	OVRFLW	834																			OVRFLW	OVRFLW	OVRFLW	OVRFLW	OVRFLW	751																			OVRFLW	60248	OVRFLW	OVRFLW	OVRFLW	734																			OVRFLW	45396	OVRFLW	81529	98001	740																			OVRFLW	OVRFLW	OVRFLW	55048	OVRFLW	726																			OVRFLW	OVRFLW	OVRFLW	32756	98331	729																			OVRFLW	91500	69831	OVRFLW	OVRFLW	717																			OVRFLW	OVRFLW	OVRFLW	OVRFLW	OVRFLW	717																			95975	OVRFLW	OVRFLW	66623	OVRFLW	1308																			OVRFLW	OVRFLW	35301	OVRFLW	OVRFLW	709																			OVRFLW	OVRFLW	51749	OVRFLW	OVRFLW	704																			24130	OVRFLW	75428	OVRFLW	OVRFLW	721																			67156	OVRFLW	OVRFLW	OVRFLW	OVRFLW	753																			OVRFLW	OVRFLW	OVRFLW	OVRFLW	739	1077																			OVRFLW	OVRFLW	OVRFLW	OVRFLW	748	720																		
5:41:06	37.0	OVRFLW	OVRFLW	OVRFLW	OVRFLW	OVRFLW	776																			OVRFLW	OVRFLW	OVRFLW	OVRFLW	OVRFLW	828																			OVRFLW	OVRFLW	OVRFLW	OVRFLW	OVRFLW	749																			OVRFLW	60577	OVRFLW	OVRFLW	OVRFLW	739																			OVRFLW	45418	OVRFLW	81736	97599	736																			OVRFLW	OVRFLW	OVRFLW	55227	OVRFLW	727																			OVRFLW	OVRFLW	OVRFLW	32905	97858	724																			OVRFLW	91719	70019	OVRFLW	OVRFLW	722																			OVRFLW	OVRFLW	OVRFLW	OVRFLW	OVRFLW	715																			96323	OVRFLW	OVRFLW	66751	OVRFLW	1307																			OVRFLW	OVRFLW	35453	OVRFLW	OVRFLW	710																			OVRFLW	OVRFLW	51977	OVRFLW	OVRFLW	705																			24178	OVRFLW	75764	OVRFLW	OVRFLW	723																			67589	OVRFLW	OVRFLW	OVRFLW	OVRFLW	772																			OVRFLW	OVRFLW	OVRFLW	OVRFLW	738	1091																			OVRFLW	OVRFLW	OVRFLW	OVRFLW	773	731																		
5:46:06	37.0	OVRFLW	OVRFLW	OVRFLW	OVRFLW	OVRFLW	765																			OVRFLW	OVRFLW	OVRFLW	OVRFLW	OVRFLW	837																			OVRFLW	OVRFLW	OVRFLW	OVRFLW	OVRFLW	758																			OVRFLW	60602	OVRFLW	OVRFLW	OVRFLW	733																			OVRFLW	45618	OVRFLW	82045	97304	741																			OVRFLW	OVRFLW	OVRFLW	55513	OVRFLW	723																			OVRFLW	OVRFLW	OVRFLW	33097	97458	725																			OVRFLW	91914	70268	OVRFLW	OVRFLW	719																			OVRFLW	OVRFLW	OVRFLW	OVRFLW	OVRFLW	724																			96349	OVRFLW	OVRFLW	66905	OVRFLW	1294																			OVRFLW	OVRFLW	35533	OVRFLW	OVRFLW	712																			OVRFLW	OVRFLW	52151	OVRFLW	OVRFLW	708																			24207	OVRFLW	76013	OVRFLW	OVRFLW	723																			67683	OVRFLW	OVRFLW	OVRFLW	OVRFLW	774																			OVRFLW	OVRFLW	OVRFLW	OVRFLW	752	1078																			OVRFLW	OVRFLW	OVRFLW	OVRFLW	749	723																		
5:51:06	37.0	OVRFLW	OVRFLW	OVRFLW	OVRFLW	OVRFLW	767																			OVRFLW	OVRFLW	OVRFLW	OVRFLW	OVRFLW	830																			OVRFLW	OVRFLW	OVRFLW	OVRFLW	OVRFLW	752																			OVRFLW	60754	OVRFLW	OVRFLW	OVRFLW	741																			OVRFLW	45759	OVRFLW	82145	96679	748																			OVRFLW	OVRFLW	OVRFLW	55546	OVRFLW	727																			OVRFLW	OVRFLW	OVRFLW	33126	97002	716																			OVRFLW	91870	70244	OVRFLW	OVRFLW	729																			OVRFLW	OVRFLW	OVRFLW	OVRFLW	OVRFLW	719																			96511	OVRFLW	OVRFLW	67106	OVRFLW	1304																			OVRFLW	OVRFLW	35623	OVRFLW	OVRFLW	700																			OVRFLW	OVRFLW	52173	OVRFLW	OVRFLW	706																			24299	OVRFLW	76166	OVRFLW	OVRFLW	727																			67722	OVRFLW	OVRFLW	OVRFLW	OVRFLW	769																			OVRFLW	OVRFLW	OVRFLW	OVRFLW	741	1084																			OVRFLW	OVRFLW	OVRFLW	OVRFLW	758	730																		
5:56:06	37.0	OVRFLW	OVRFLW	OVRFLW	OVRFLW	OVRFLW	771																			OVRFLW	OVRFLW	OVRFLW	OVRFLW	OVRFLW	839																			OVRFLW	OVRFLW	OVRFLW	OVRFLW	OVRFLW	751																			OVRFLW	60858	OVRFLW	OVRFLW	OVRFLW	744																			OVRFLW	45893	OVRFLW	82333	96473	737																			OVRFLW	OVRFLW	OVRFLW	55690	OVRFLW	721																			OVRFLW	OVRFLW	OVRFLW	33243	96509	723																			OVRFLW	92125	70465	OVRFLW	OVRFLW	715																			OVRFLW	OVRFLW	OVRFLW	OVRFLW	OVRFLW	720																			96624	OVRFLW	OVRFLW	67145	OVRFLW	1296																			OVRFLW	OVRFLW	35842	OVRFLW	OVRFLW	701																			OVRFLW	OVRFLW	52439	OVRFLW	OVRFLW	712																			24241	OVRFLW	76290	OVRFLW	OVRFLW	714																			68047	OVRFLW	OVRFLW	OVRFLW	OVRFLW	768																			OVRFLW	OVRFLW	OVRFLW	OVRFLW	742	1083																			OVRFLW	OVRFLW	OVRFLW	OVRFLW	750	734																		
6:01:06	37.0	OVRFLW	OVRFLW	OVRFLW	OVRFLW	OVRFLW	775																			OVRFLW	OVRFLW	OVRFLW	OVRFLW	OVRFLW	834																			OVRFLW	OVRFLW	OVRFLW	OVRFLW	OVRFLW	747																			OVRFLW	61051	OVRFLW	OVRFLW	OVRFLW	735																			OVRFLW	45995	OVRFLW	82552	95789	742																			OVRFLW	OVRFLW	OVRFLW	55878	99668	716																			OVRFLW	OVRFLW	OVRFLW	33449	96152	715																			OVRFLW	92292	70579	OVRFLW	OVRFLW	713																			OVRFLW	OVRFLW	OVRFLW	OVRFLW	OVRFLW	719																			96697	OVRFLW	OVRFLW	67389	OVRFLW	1309																			OVRFLW	OVRFLW	35949	OVRFLW	OVRFLW	714																			OVRFLW	OVRFLW	52486	OVRFLW	OVRFLW	704																			24329	OVRFLW	76535	OVRFLW	OVRFLW	727																			68027	OVRFLW	OVRFLW	OVRFLW	OVRFLW	766																			OVRFLW	OVRFLW	OVRFLW	OVRFLW	738	1073																			OVRFLW	OVRFLW	OVRFLW	OVRFLW	749	725																		

Procedure Summary

Plate Type	Greiner 384 SV NoBind Automap
Well Selection	Runtime
Eject plate on completion	
Set Temperature	Setpoint 37°C
	Preheat before moving to next step
Plate Out/In	At temperature: insert plate
Start Kinetic	Runtime 6:00:00 (HH:MM:SS), Interval 0:05:00, 73 Reads
    Read	GFP-G35
	Fluorescence Endpoint
	Full Plate
	Filter Set 1
	    Excitation: 485/20,  Emission: 528/20
	    Mirror: Top 510 nm,  Gain: 35
	Light Source: Xenon Flash
	Read Speed: Normal,  Delay: 100 msec,  Measurements/Data Point: 10
	Read Height: 7 mm
    Read	GFP-G50
	Fluorescence Endpoint
	Full Plate
	Filter Set 1
	    Excitation: 485/20,  Emission: 528/20
	    Mirror: Top 510 nm,  Gain: 50
	Light Source: Xenon Flash
	Read Speed: Normal,  Delay: 100 msec,  Measurements/Data Point: 10
	Read Height: 7 mm
    Read	GFP-G70
	Fluorescence Endpoint
	Full Plate
	Filter Set 1
	    Excitation: 485/20,  Emission: 528/20
	    Mirror: Top 510 nm,  Gain: 70
	Light Source: Xenon Flash
	Read Speed: Normal,  Delay: 100 msec,  Measurements/Data Point: 10
	Read Height: 7 mm
End Kinetic	
Set Temperature	Incubator off

